Cavité :	Amalgame
Système de coordonnées : UTM - fuseau 31
E	De	A	AZ	Pente	dH	L	Lh	Deb Tpf	Fin Tpf	L Ga	L Dr	H Sup	H Inf	Pente Calc	dH Calc	L Calc	Lh Calc	X	Y	Z	SLh	Suites	Commentaires
Coordonnées de l'entrée : 		Chaine P36																723773.3	5021873.8	1641.7			

Galerie :	Pulpite vers Lac
Date du lever : 	08/05/2012	Déclinaison = 	-1.03 °
Operateurs :	F. de Felix	Pascal
mesures des longueurs :	
mesures des Azimuts :		 en degrés
mesures des Pentes :		 en degrés
	Chaine P36	>< 20-81	   0.0 °											  90.0 °				723773.3	5021873.8	1641.7			
Date du lever : 	26/09/2010	Déclinaison = 	-0.81 °
Operateurs :	O.Testa	O Testa
mesures des longueurs :	
mesures des Azimuts :		 en degrés
mesures des Pentes :		 en degrés
	20-81	   20-81	   0.0 °											  90.0 °				723773.3	5021873.8	1641.7			

Date du lever : 	06/08/2011	Déclinaison = 	0.87 °
Operateurs :	E. Vitte	P. Orchampt
mesures des longueurs :	
mesures des Azimuts :		 en degrés
mesures des Pentes :		 en degrés
	20-80	   20-81	 182.9 °	   5.1 °		4.44				1.1		3.0	1.4	  -5.1 °	-0.39	4.44	4.42	723773.4	5021878.2	1641.3	4.4		[1.17 112.2 1.2][2.99 129.2 83.0][1.44 202.0 -86.1][4.79 359.9 2.9]

	20-79	   20-80	 188.2 °	  55.4 °		4.97				1.5	2.3	8.2	1.6	 -55.4 °	-4.09	4.97	2.82	723773.8	5021881.0	1637.2	7.2		[4.27 111.5 -1.2][2.32 189.3 -0.2][5.23 264.0 7.7][1.50 10.5 0.3][8.28 13.5 80.8][1.65 199.6 -81.3]

	20-78	   20-79	  21.6 °	  36.5 °		2.06								 -36.5 °	-1.23	2.06	1.66	723773.2	5021879.5	1636.0	8.9		

	20-77	   20-78	 159.1 °	 -74.5 °		34.30				0.4		0.7	9.7	  74.5 °	33.06	34.30	9.15	723769.8	5021888.0	1669.0	18.1		[0.42 64.9 -10.6][0.77 131.2 -12.0][0.68 59.9 78.9][9.80 156.5 -80.2][34.32 161.1 -75.3][12.15 148.6 -71.7]

	20-76	   20-77	 161.3 °	 -20.1 °		2.76				0.5	1.0	6.8	0.9	  20.1 °	0.95	2.76	2.59	723768.9	5021890.4	1670.0	20.6		[0.55 93.7 -11.2][2.00 358.7 1.7][1.33 312.2 -0.9][0.92 214.4 -81.5][6.97 11.6 75.1][2.71 162.5 -18.7]

	20-75	   20-76	 194.0 °	 -63.9 °		5.12				1.7		1.8	5.3	  63.9 °	4.60	5.12	2.25	723769.4	5021892.6	1674.6	22.9		[1.70 153.4 -3.3][0.59 212.5 -3.8][0.39 111.9 -15.4][5.34 246.6 -81.0][1.79 88.1 77.2]

	20-74	   20-75	 274.1 °	   1.3 °		1.28					0.7	2.9	3.4	  -1.3 °	-0.03	1.28	1.28	723770.7	5021892.5	1674.6	24.2		[0.69 341.2 -4.0][2.92 265.9 82.8][3.70 335.1 -66.9]

	20-73	   20-74	 258.8 °	  -9.6 °		3.57				0.6		4.9	4.8	   9.6 °	0.59	3.57	3.52	723774.1	5021893.3	1675.2	27.7		[0.63 168.3 2.2][1.58 65.7 -6.0][3.50 82.2 -4.0][2.83 106.8 -2.4][5.18 236.6 72.6][5.32 324.9 -64.1]

	20-72	   20-73	 268.4 °	 -59.9 °		7.20				0.4	0.3	7.6	7.8	  59.9 °	6.23	7.20	3.61	723777.7	5021893.4	1681.4	31.3		[0.43 169.4 -11.1][0.33 332.2 -5.6][4.50 260.5 -6.8][1.05 104.9 -40.7][7.75 342.1 80.0][7.85 255.7 -80.9]

	20-71	   20-72	 250.1 °	 -35.8 °		2.51				0.2	0.6	0.4	1.3	  35.8 °	1.47	2.51	2.04	723779.6	5021894.2	1682.9	33.3		[0.65 339.3 -12.6][0.21 175.0 -12.6][1.36 307.8 -75.7][0.46 256.9 58.4]

	20-70	   20-71	 264.5 °	   7.0 °		5.08				0.7	6.4	40.5	3.3	  -7.1 °	-0.62	5.08	5.04	723784.6	5021894.8	1682.2	38.4		[3.90 31.6 -10.2][6.43 339.4 -5.0][4.17 296.0 0.0][3.92 253.2 5.9][0.72 162.3 10.0][4.08 352.3 -53.5][41.28 333.8 79.5]
2 Mathilde vers Amon

Galerie :	2 Mathilde vers Amon
Date du lever : 	07/09/2011	Déclinaison = 	0.88 °
Operateurs :	P.GROSEIL	P.ORCHAMPT
mesures des longueurs :	
mesures des Azimuts :		 en degrés
mesures des Pentes :		 en degrés
	20-70	>> 23-0	   0.0 °							0.8	3.6	1.9	4.7	  90.0 °				723784.6	5021894.8	1682.2	38.4		[6.18 342.3 -3.2][3.97 35.1 -2.3][1.94 95.4 9.9][0.76 192.3 -1.2][4.91 272.5 -0.3][4.05 347.8 -55.8][39.78 330.5 78.6][48.98 351.8 80.3]

	23-0	   23-1	 279.2 °	  71.2 °		9.37					5.4	4.3	1.0	  71.2 °	8.87	9.37	3.02	723781.6	5021895.2	1691.1	41.4		[5.97 86.3 -2.6][5.67 17.2 3.3][4.47 348.3 0.1][1.12 285.1 -5.1][9.49 198.8 -86.7][41.21 3.9 77.8]

	23-1	   23-2	 334.1 °	  77.9 °		11.67					4.5	0.5	4.3	  77.9 °	11.41	11.67	2.44	723780.5	5021897.4	1702.5	43.8		[0.50 191.7 3.7][4.68 96.5 1.0][4.70 15.3 -3.0][5.72 43.1 -0.8][23.91 57.5 -82.5][9.27 342.3 83.7]

	23-2	   23-3	  13.5 °	  77.7 °		11.91					0.8		4.2	  77.7 °	11.64	11.91	2.54	723781.1	5021899.8	1714.2	46.4		[4.29 93.5 -5.2][4.41 38.4 -0.4][3.59 360.0 -4.1][0.86 126.5 -1.2][35.56 141.3 -83.5][15.40 0.5 76.3]

	23-3	   23-4	  37.6 °	  81.7 °		9.64				3.0	0.5	0.5	1.9	  81.7 °	9.54	9.64	1.40	723781.9	5021901.0	1723.7	47.8		[0.69 233.0 -1.0][1.56 132.4 -6.2][2.43 65.8 -1.2][3.62 39.4 -4.8][43.66 154.2 -88.5][6.17 76.5 81.4]

	23-4	   23-5	 151.0 °	  46.7 °		3.35					1.9	0.7	1.4	  46.7 °	2.44	3.35	2.30	723783.0	5021899.0	1726.1	50.1		[3.35 151.3 46.8][2.13 307.2 -0.3][0.97 10.8 0.8][0.73 202.8 5.9][1.26 239.5 9.1][1.69 190.9 -77.3][7.41 226.9 82.9]

	23-5	   23-6	 233.5 °	  52.3 °		2.66				0.6		3.3	1.6	  52.3 °	2.10	2.66	1.63	723781.8	5021898.0	1728.2	51.7		[0.26 212.6 0.3][1.64 138.9 -1.7][1.06 150.6 -1.6][0.58 104.0 2.4][1.56 61.7 -3.9][2.28 85.6 -84.8][5.62 166.0 80.4]

	23-6	   23-7	 152.8 °	  38.9 °		2.39				0.2	0.8	2.1	1.5	  38.9 °	1.50	2.39	1.86	723782.6	5021896.4	1729.7	53.6		[1.47 206.8 3.6][1.04 233.2 3.8][0.34 149.7 8.4][1.76 225.4 -65.6][4.14 188.1 74.6]

	23-7	   23-8	 210.2 °	  50.0 °		2.32				0.8		1.8	2.9	  50.0 °	1.78	2.32	1.49	723781.9	5021895.0	1731.5	55.1		[0.80 70.5 -4.8][0.46 96.6 -5.9][1.07 141.1 -3.6][1.11 126.3 -4.4][3.30 116.0 -73.4][2.69 117.5 73.5]

	23-8	   23-9	 133.1 °	  21.6 °		1.65					0.6	1.9	3.3	  21.6 °	0.61	1.65	1.53	723783.1	5021894.0	1732.1	56.6		[0.61 246.9 -3.0][1.57 192.1 -2.0][1.30 209.0 -0.3][3.29 189.0 -82.3][2.31 219.0 66.7]

	23-9	   23-10	 200.7 °	   4.5 °		4.61				0.7		2.6	2.4	   4.5 °	0.36	4.61	4.60	723781.5	5021889.7	1732.5	61.2		[0.58 191.0 -3.2][0.69 134.7 3.7][0.85 44.6 2.1][2.88 52.8 -79.0][2.76 77.6 88.2]

	23-10	   23-11	 210.3 °	  40.2 °		2.42				0.3		1.2	3.1	  40.2 °	1.56	2.42	1.85	723780.6	5021888.1	1734.0	63.0		[1.97 40.0 -1.6][0.43 180.8 1.8][3.64 306.0 -73.1][1.93 222.8 68.7]

	23-11	   23-12	 236.9 °	  20.9 °		1.23				0.2		1.4	3.0	  20.9 °	0.44	1.23	1.15	723779.7	5021887.4	1734.5	64.2		[1.52 128.6 74.5][2.99 236.9 -81.7][0.33 138.0 5.1]

	23-12	   23-13	 134.5 °	 -12.0 °		1.12				0.8	0.8	1.6	2.7	 -12.0 °	-0.23	1.12	1.10	723780.5	5021886.7	1734.2	65.3		[0.56 173.1 -0.8][0.89 107.6 15.2][0.59 32.6 4.5][2.73 48.7 -87.2][1.65 321.9 86.5][2.84 198.8 6.2][1.34 209.0 10.3][2.51 200.9 -27.9]

	23-13	   23-14	 205.1 °	  12.7 °		5.47					0.3	1.0	2.4	  12.7 °	1.20	5.47	5.34	723778.3	5021881.8	1735.4	70.6		[0.30 327.6 -5.3][2.55 313.6 -70.4][1.11 275.1 5.8][0.97 20.0 6.4][1.05 244.0 83.2]

	23-14	   23-15	 268.6 °	   7.2 °		1.18				0.4		1.4	1.6	   7.2 °	0.15	1.18	1.17	723777.1	5021881.8	1735.6	71.8		[0.38 115.2 -0.1][1.24 86.4 3.8][0.96 124.6 0.9][0.66 146.2 -0.3][1.48 136.5 70.0][1.73 127.2 -71.4]

	23-15	   23-16	 147.2 °	  -1.7 °		1.02				0.3	1.0	1.8	2.8	  -1.7 °	-0.03	1.02	1.02	723777.7	5021880.9	1735.6	72.8		[0.25 89.0 3.9][0.95 188.7 5.5][1.92 202.8 10.8][2.81 203.8 -81.6][1.83 177.2 78.1]

	23-16	   23-17	 195.2 °	  -0.8 °		2.33				0.5		2.1	2.6	  -0.8 °	-0.03	2.33	2.33	723777.1	5021878.6	1735.5	75.1		[0.46 93.5 -2.9][1.18 156.9 -2.9][0.38 181.3 -0.5][2.21 184.4 79.0][2.57 179.8 -83.4]

	23-17	   23-18	 174.4 °	  10.9 °		1.56					0.3	2.0	2.6	  10.9 °	0.29	1.56	1.53	723777.3	5021877.1	1735.8	76.7		[0.25 289.5 -0.4][0.56 330.6 3.9][1.69 240.1 2.5][2.67 356.7 -85.4][2.13 251.5 77.1]

	23-18	   23-19	 222.7 °	   6.4 °		1.89				0.7		2.0	2.4	   6.4 °	0.21	1.89	1.88	723776.1	5021875.7	1736.0	78.6		[0.31 46.7 0.1][0.75 113.4 -1.9][2.08 160.2 77.2][2.53 80.4 -73.3]

	23-19	   23-20	 128.8 °	   4.0 °		0.81					0.3	2.2	2.5	   4.0 °	0.06	0.81	0.81	723776.7	5021875.2	1736.1	79.4		[0.33 274.1 -2.2][0.80 315.7 6.9][0.78 223.7 2.4][2.63 244.2 -66.3][2.39 236.5 70.6]

	23-20	   23-21	 249.1 °	   7.8 °		1.63				0.6		1.9	2.3	   7.8 °	0.22	1.63	1.61	723775.2	5021874.6	1736.3	81.0		[0.56 118.5 9.8][2.23 176.5 71.7][2.41 109.8 -87.7][1.92 167.8 2.0][1.25 180.9 1.7]

	23-21	   23-22	 179.7 °	  22.1 °		2.13					0.3	1.4	3.1	  22.1 °	0.80	2.13	1.97	723775.3	5021872.6	1737.1	82.9		[0.30 287.3 -4.5][0.69 233.4 2.6][1.13 191.7 -4.5][3.09 183.8 -76.0][1.51 239.1 81.7]

	23-22	   23-23	 209.4 °	   4.7 °		3.83				0.6		5.0	2.6	   4.7 °	0.31	3.83	3.82	723773.5	5021869.3	1737.4	86.8		[0.83 150.6 -4.4][1.34 137.7 -2.4][0.66 103.0 -4.7][2.70 121.8 -82.5][27.23 187.6 78.5][5.07 53.6 85.5]

	23-23	   23-24	 118.2 °	  21.8 °		0.64					0.3	3.6	2.9	  21.8 °	0.24	0.64	0.59	723774.0	5021869.0	1737.7	87.4		[2.07 184.4 3.4][0.35 251.8 -0.5][2.88 139.7 -80.2][3.80 208.3 82.4]

	23-24	   23-25	 174.2 °	   3.3 °		2.70				0.4		5.5	2.7	   3.3 °	0.16	2.70	2.70	723774.3	5021866.3	1737.8	90.1		[0.59 98.8 4.4][1.00 62.8 1.1][1.36 332.5 -6.2][0.40 22.6 10.0][2.79 347.7 -78.0][5.57 302.6 87.4]

	23-25	   23-26	  52.4 °	   9.0 °		1.57					0.4	2.0	2.4	   9.0 °	0.25	1.57	1.55	723775.5	5021867.3	1738.1	91.6		[0.39 193.9 -4.2][2.70 130.3 -72.7][2.01 146.0 74.7][1.28 154.0 -6.0][0.80 172.4 -13.0]

	23-26	   23-27	 149.6 °	 -27.1 °		1.34					0.3	2.9	1.6	 -27.1 °	-0.61	1.34	1.19	723776.1	5021866.3	1737.5	92.8		[0.32 262.2 1.6][1.04 209.6 5.2][2.93 210.8 75.9][1.80 174.1 -79.1]

	23-27	   23-28	 223.9 °	  -0.3 °		1.63				0.9		2.9	1.2	  -0.3 °	-0.01	1.63	1.63	723775.0	5021865.1	1737.4	94.4		[0.43 143.4 2.4][0.88 70.7 -6.6][1.19 202.9 -85.5][2.97 118.9 79.5]

	23-28	   23-29	  97.3 °	   9.4 °		1.92					0.3	2.2	1.0	   9.4 °	0.32	1.92	1.89	723776.9	5021864.9	1737.8	96.3		[0.26 204.8 -4.2][0.95 140.1 -2.6][0.48 165.5 -5.0][1.00 100.7 -77.4][2.36 223.7 78.2]

	23-29	   23-30	 155.3 °	  29.4 °		1.23					0.4	2.2	1.5	  29.4 °	0.60	1.23	1.07	723777.4	5021863.9	1738.4	97.4		[0.39 290.2 -0.6][1.48 264.2 -77.6][2.52 248.5 69.6][0.97 250.7 -4.6]

	23-30	   23-31	 263.3 °	  -8.1 °		1.51				0.2		2.5	1.0	  -8.1 °	-0.21	1.51	1.50	723775.9	5021863.7	1738.2	98.9		[0.23 146.1 -13.6][1.28 190.7 -2.9][1.00 252.2 -78.4][2.61 174.5 78.3]

	23-31	   23-32	 171.9 °	  10.1 °		1.59				0.3		2.5	1.1	  10.1 °	0.28	1.59	1.57	723776.2	5021862.2	1738.4	100.5		[0.31 97.3 -3.6][1.24 136.3 0.6][1.71 120.1 0.3][1.16 196.4 -79.1][2.76 111.3 74.2]

	23-32	   23-33	 129.4 °	   5.4 °		1.78					0.3	1.6	0.9	   5.4 °	0.17	1.78	1.77	723777.5	5021861.1	1738.6	102.2		[0.26 256.8 -4.8][0.86 233.7 -8.6][1.60 226.1 82.1][1.04 203.5 -60.5]

	23-33	   23-34	 208.5 °	   3.5 °		1.31				0.3		2.9	0.9	   3.5 °	0.08	1.31	1.31	723776.9	5021859.9	1738.7	103.5		[0.34 51.1 2.5][1.23 85.7 -0.8][1.03 110.5 -2.4][1.04 75.2 -64.0][2.98 125.0 81.1]

	23-34	   23-35	 104.0 °	  13.6 °		2.02					0.6	2.6	1.3	  13.6 °	0.48	2.02	1.96	723778.9	5021859.5	1739.2	105.5		[0.63 224.8 7.1][1.19 185.9 -1.3][2.77 214.5 74.5][1.32 169.1 -79.7]

	23-35	   23-36	 175.1 °	  -2.7 °		1.58					0.5	2.9	0.9	  -2.7 °	-0.07	1.58	1.58	723779.0	5021857.9	1739.1	107.1		[0.45 299.3 -2.8][0.99 265.5 -3.1][0.94 247.4 -80.0][3.11 241.0 78.4]

	23-36	   23-37	 244.6 °	  21.6 °		1.00				0.2		2.5	1.1	  21.6 °	0.37	1.00	0.93	723778.2	5021857.5	1739.4	108.0		[0.25 130.2 0.8][1.15 206.1 -81.6][2.90 164.5 78.8][1.15 174.6 0.7][1.74 158.1 4.9]

	23-37	   23-38	 171.4 °	  17.0 °		3.40					0.6	2.9	1.3	  17.0 °	1.00	3.40	3.25	723778.7	5021854.3	1740.4	111.3		[0.64 271.5 -0.7][0.80 330.3 2.7][0.92 345.2 4.7][1.32 256.3 -0.2][1.55 13.5 -80.2][4.87 280.7 82.4][3.28 297.7 84.4][5.41 269.8 84.3]

	23-38	   23-39	 242.7 °	  36.1 °		2.67				0.5		1.4	2.4	  36.1 °	1.57	2.67	2.16	723776.9	5021853.3	1742.0	113.4		[0.45 101.5 -1.1][0.71 150.5 -10.9][2.67 101.9 -85.1][1.86 133.5 72.0]

	23-39	   23-40	 132.8 °	  17.1 °		1.96					0.3	3.2	2.9	  17.1 °	0.58	1.96	1.87	723778.2	5021852.0	1742.6	115.3		[0.32 264.7 8.7][0.64 210.4 -8.0][1.19 235.1 4.7][3.05 247.1 -71.7][3.45 176.7 77.8]

	23-40	   23-41	 222.2 °	   6.9 °		1.45				0.1		2.8	1.3	   6.9 °	0.17	1.45	1.44	723777.3	5021850.9	1742.8	116.7		[0.09 95.6 -8.0][0.84 142.2 -7.6][1.39 73.2 -71.1][3.13 159.7 70.5]

	23-41	   23-42	 124.5 °	  11.8 °		1.37					0.5	1.8	2.6	  11.8 °	0.28	1.37	1.34	723778.4	5021850.2	1743.1	118.1		[0.73 196.4 1.0][0.80 168.2 2.3][1.86 191.7 81.0][2.85 326.8 -75.1]

	23-42	   23-43	 174.6 °	  11.5 °		1.28				0.6	0.3	1.2	3.0	  11.5 °	0.26	1.28	1.25	723778.6	5021848.9	1743.3	119.3		[0.26 237.9 -3.3][3.07 272.6 -78.6][1.22 137.6 80.8][1.16 136.2 -2.7][0.90 159.4 1.3]

	23-43	   23-44	 160.6 °	  -3.8 °		1.86				0.4		1.9	2.8	  -3.8 °	-0.12	1.86	1.86	723779.2	5021847.2	1743.2	121.2		[0.40 50.1 3.1][2.03 126.1 73.8][2.84 73.8 -80.2][1.89 109.9 -4.2][1.00 119.3 -13.4]

	23-44	   23-45	 122.3 °	   6.1 °		2.11					0.5	2.9	2.7	   6.1 °	0.22	2.11	2.10	723781.0	5021846.1	1743.4	123.3		[0.50 251.8 -0.5][0.66 213.6 -6.6][3.18 318.0 69.3][2.76 122.5 -81.6]

	23-45	   23-46	 187.5 °	 -13.4 °		0.86					0.2	5.1	2.1	 -13.4 °	-0.20	0.86	0.84	723780.9	5021845.3	1743.2	124.1		[0.28 270.7 -1.6][1.47 245.3 1.6][0.95 223.2 -3.6][2.10 158.0 -88.5][5.17 259.2 74.6]

	23-46	   23-47	 240.1 °	  -5.0 °		1.24				0.5	1.8	2.9	2.3	  -5.0 °	-0.11	1.24	1.24	723779.9	5021844.7	1743.1	125.3		[0.95 70.7 2.5][0.59 127.1 15.1][1.75 328.7 2.2][1.93 267.2 12.5][0.79 304.3 16.3][2.35 156.3 -84.3][3.24 170.3 75.4]

E	23-47	   23-48	 153.9 °	  35.4 °		1.76					0.4	0.9	3.3	  35.4 °	1.02	1.76	1.44	723780.5	5021843.4	1744.1	126.8		[0.40 250.5 -1.1][1.79 188.0 2.4][1.45 166.3 9.2][3.34 205.0 -
73.3][1.39 179.8 60.2]

E	23-48	   23-49	 171.8 °	   9.1 °		5.76				0.3		4.4	2.0	   9.1 °	0.91	5.76	5.69	723781.4	5021837.8	1745.0	132.5		[0.30 9.7 -5.8][0.74 76.1 -2.3][1.08 317.4 -3.9][1.69 334.9 5.3]
[2.19 31.4 -82.9][4.95 131.2 80.2][1.05 85.2 24.7]

E	23-49	   23-50	  83.2 °	  26.4 °		1.04					0.7	2.2	2.6	  26.5 °	0.46	1.04	0.93	723782.4	5021837.9	1745.5	133.4		[0.39 200.9 -3.3][0.75 225.8 8.0][0.59 141.7 -10.7][1.36 186.8 -
5.0][2.75 270.3 -76.6][2.68 155.1 63.0]

E	23-50	   23-51	 180.1 °	  -6.5 °		1.65				0.2		4.1	2.5	  -6.5 °	-0.19	1.65	1.64	723782.4	5021836.3	1745.3	135.0		[0.24 67.0 -2.8][0.81 123.9 -4.4][2.54 110.5 -76.3][4.19 90.2 84.6]

E	23-51	   23-52	 123.9 °	  30.8 °		1.49					0.5	1.6	2.8	  30.8 °	0.76	1.49	1.28	723783.5	5021835.6	1746.1	136.3		[0.54 249.3 0.8][1.14 293.1 3.3][0.92 193.2 -0.6][3.24 330.6 -
80.4][1.85 208.0 81.1]

E	23-52	   23-53	 215.5 °	  11.8 °		3.06								  11.8 °	0.62	3.06	3.00	723781.8	5021833.1	1746.7	139.3		

Galerie :	Galerie d'entr�e
Date du lever : 	07/10/2023	Déclinaison = 	2.69 °
Operateurs :	Alain Gervais Barnab�
mesures des longueurs :	DistoX
mesures des Azimuts :	DistoX	 en degrés
mesures des Pentes :	DistoX	 en degrés
	23-47	>> Ma1	 164.9 °	  32.3 °		6.13					0.4	1.2	2.9	  32.3 °	3.28	6.13	5.18	723781.2	5021839.6	1746.4	130.5		 d�part dans le premier angle de la boucle de m�andre

	23-47	    -- -->  	 330.3 °	 -35.8 °		0.13								 -35.8 °	-0.08	0.13	0.11	723779.8	5021844.7	1743.0	125.5		

	23-47	    -- -->  	 258.5 °	 -60.3 °		0.14								 -60.3 °	-0.12	0.14	0.07	723779.8	5021844.6	1743.0	125.4		

	23-47	    -- -->  	 324.6 °	  41.0 °		2.45								  41.0 °	1.61	2.45	1.85	723778.8	5021846.2	1744.7	127.2		

	23-47	    -- -->  	  18.3 °	  16.1 °		1.16								  16.1 °	0.32	1.16	1.11	723780.2	5021845.7	1743.4	126.5		

	23-47	    -- -->  	  44.6 °	   6.2 °		0.91								   6.2 °	0.10	0.91	0.90	723780.5	5021845.3	1743.2	126.3		

	23-47	    -- -->  	  71.8 °	  12.8 °		1.33								  12.8 °	0.29	1.33	1.30	723781.1	5021845.0	1743.4	126.6		

	23-47	    -- -->  	  96.8 °	   1.8 °		0.45								   1.8 °	0.01	0.45	0.45	723780.3	5021844.6	1743.1	125.8		

	23-47	    -- -->  	 136.2 °	  15.5 °		0.65								  15.5 °	0.17	0.65	0.63	723780.3	5021844.2	1743.3	126.0		

	23-47	    -- -->  	 169.9 °	  18.5 °		0.31								  18.5 °	0.10	0.31	0.29	723779.9	5021844.4	1743.2	125.6		

	23-47	    -- -->  	  94.9 °	 -83.8 °		1.51								 -83.8 °	-1.50	1.51	0.16	723780.0	5021844.6	1741.6	125.5		

	23-47	    -- -->  	 167.5 °	  85.2 °		0.78								  85.2 °	0.78	0.78	0.07	723779.9	5021844.6	1743.9	125.4		

	Ma1	    -- -->  	 293.8 °	  -9.7 °		0.36								  -9.7 °	-0.06	0.36	0.35	723780.8	5021839.8	1746.3	130.9		

	Ma1	    -- -->  	 336.3 °	  -8.3 °		0.68								  -8.3 °	-0.10	0.68	0.67	723780.9	5021840.3	1746.3	131.2		

	Ma1	    -- -->  	 346.5 °	  -3.3 °		1.30								  -3.3 °	-0.07	1.30	1.30	723780.9	5021840.9	1746.3	131.8		

	Ma1	    -- -->  	 275.1 °	   2.3 °		0.37								   2.3 °	0.01	0.37	0.37	723780.8	5021839.7	1746.4	130.9		

	Ma1	    -- -->  	 325.7 °	  76.2 °		1.28								  76.2 °	1.24	1.28	0.31	723781.0	5021839.9	1747.6	130.8		

	Ma1	    -- -->  	 322.4 °	 -76.3 °		2.94								 -76.3 °	-2.86	2.94	0.70	723780.7	5021840.2	1743.5	131.2		

	Ma1	   Ma2	 184.6 °	   3.1 °		1.55				0.3		1.5	2.6	   3.1 °	0.08	1.55	1.55	723781.0	5021838.1	1746.5	132.1		

	Ma2	    -- -->  	  51.9 °	 -11.7 °		0.30								 -11.7 °	-0.06	0.30	0.29	723781.2	5021838.3	1746.4	132.4		

	Ma2	    -- -->  	 336.2 °	  -1.1 °		0.38								  -1.1 °	-0.01	0.38	0.38	723780.9	5021838.4	1746.5	132.5		

	Ma2	    -- -->  	  20.5 °	 -10.9 °		0.68								 -10.9 °	-0.13	0.68	0.67	723781.3	5021838.7	1746.3	132.7		

	Ma2	    -- -->  	 337.9 °	 -81.7 °		2.62								 -81.7 °	-2.59	2.62	0.38	723780.9	5021838.5	1743.9	132.5		

	Ma2	    -- -->  	 339.3 °	  80.1 °		1.48								  80.1 °	1.46	1.48	0.25	723780.9	5021838.3	1747.9	132.3		

	Ma2	   Ma3	 101.1 °	   3.9 °		1.59					0.4	0.0	0.2	   3.9 °	0.11	1.59	1.59	723782.6	5021837.8	1746.6	133.7		

	Ma3	    -- -->  	 233.8 °	  -8.3 °		0.43								  -8.3 °	-0.06	0.43	0.43	723782.2	5021837.5	1746.5	134.1		

	Ma3	    -- -->  	 168.7 °	  -6.0 °		0.44								  -6.0 °	-0.05	0.44	0.44	723782.6	5021837.3	1746.5	134.1		

	Ma3	    -- -->  	 200.3 °	 -12.5 °		1.07								 -12.5 °	-0.23	1.07	1.04	723782.2	5021836.8	1746.3	134.7		

	Ma3	    -- -->  	 305.0 °	   6.2 °		0.29								   6.2 °	0.03	0.29	0.29	723782.3	5021837.9	1746.6	134.0		

	Ma3	   Ma4	 181.3 °	 -30.3 °		1.20					0.6	1.5	1.2	 -30.3 °	-0.61	1.20	1.04	723782.5	5021836.7	1746.0	134.7		

	Ma4	    -- -->  	 250.2 °	   4.5 °		0.60								   4.5 °	0.05	0.60	0.60	723782.0	5021836.5	1746.0	135.3		

	Ma4	    -- -->  	 134.1 °	   3.2 °		0.68								   3.2 °	0.04	0.68	0.68	723783.0	5021836.3	1746.0	135.4		

	Ma4	    -- -->  	 195.7 °	 -11.2 °		0.64								 -11.2 °	-0.12	0.64	0.63	723782.4	5021836.1	1745.8	135.3		

	Ma4	    -- -->  	 293.9 °	   5.1 °		0.72								   5.1 °	0.06	0.72	0.72	723781.9	5021837.0	1746.0	135.4		

	Ma4	    -- -->  	 145.4 °	 -85.3 °		1.25								 -85.3 °	-1.25	1.25	0.10	723782.6	5021836.7	1744.7	134.8		

	Ma4	    -- -->  	 243.9 °	  84.0 °		1.49								  84.0 °	1.48	1.49	0.16	723782.4	5021836.7	1747.4	134.9		

	Ma4	    -- -->  	 103.0 °	 -84.9 °		2.26								 -84.9 °	-2.25	2.26	0.20	723782.7	5021836.7	1743.7	134.9		

	Ma4	   Ma5	 172.0 °	 -35.5 °		2.66				0.4	0.3	0.4	0.5	 -35.5 °	-1.54	2.66	2.17	723782.8	5021834.6	1744.4	136.9		

	Ma5	    -- -->  	 135.7 °	  10.2 °		0.51								  10.2 °	0.09	0.51	0.50	723783.2	5021834.2	1744.5	137.4		

	Ma5	    -- -->  	 205.3 °	   6.3 °		0.88								   6.3 °	0.10	0.88	0.87	723782.4	5021833.8	1744.5	137.7		

	Ma5	    -- -->  	 138.1 °	 -79.0 °		0.46								 -79.0 °	-0.45	0.46	0.09	723782.9	5021834.5	1744.0	137.0		

	Ma5	    -- -->  	 323.5 °	  21.2 °		0.39								  21.2 °	0.14	0.39	0.36	723782.6	5021834.9	1744.6	137.2		

	Ma5	    -- -->  	  46.9 °	  11.0 °		0.45								  11.0 °	0.09	0.45	0.44	723783.1	5021834.9	1744.5	137.3		

	Ma5	    -- -->  	 230.7 °	  46.9 °		0.57								  46.9 °	0.42	0.57	0.39	723782.5	5021834.3	1744.8	137.3		

	Ma5	   Ma6	 210.0 °	  59.4 °		1.43				0.3	0.3	3.1	1.5	  59.4 °	1.23	1.43	0.73	723782.4	5021834.0	1745.6	137.6		

	Ma6	    -- -->  	 358.6 °	 -76.8 °		0.15								 -76.8 °	-0.15	0.15	0.03	723782.4	5021834.0	1745.5	137.6		

	Ma6	    -- -->  	 324.4 °	  -4.4 °		0.33								  -4.4 °	-0.03	0.33	0.33	723782.2	5021834.2	1745.6	137.9		

	Ma6	    -- -->  	 357.6 °	   6.5 °		1.39								   6.5 °	0.16	1.39	1.38	723782.4	5021835.3	1745.8	139.0		

	Ma6	    -- -->  	  54.8 °	  -1.6 °		0.58								  -1.6 °	-0.02	0.58	0.58	723782.9	5021834.3	1745.6	138.2		

	Ma6	    -- -->  	 130.5 °	  13.5 °		0.28								  13.5 °	0.07	0.28	0.27	723782.6	5021833.8	1745.7	137.9		

	Ma6	    -- -->  	 245.1 °	  12.7 °		0.89								  12.7 °	0.20	0.89	0.87	723781.6	5021833.6	1745.8	138.5		

	Ma6	    -- -->  	 289.3 °	  82.4 °		3.16								  82.4 °	3.13	3.16	0.42	723782.0	5021834.1	1748.8	138.0		

	Ma6	    -- -->  	 107.7 °	 -81.0 °		1.50								 -81.0 °	-1.48	1.50	0.23	723782.7	5021833.9	1744.2	137.8		

	Ma6	   Ma7	 274.8 °	  32.5 °		2.33				0.4		1.9	2.5	  32.5 °	1.25	2.33	1.97	723780.5	5021834.2	1746.9	139.6		

	Ma7	    -- -->  	 172.2 °	  -6.6 °		0.37								  -6.6 °	-0.04	0.37	0.37	723780.5	5021833.8	1746.9	139.9		

	Ma7	    -- -->  	 208.0 °	  -2.2 °		0.44								  -2.2 °	-0.02	0.44	0.44	723780.3	5021833.8	1746.9	140.0		

	Ma7	    -- -->  	 249.0 °	  -5.5 °		0.62								  -5.5 °	-0.06	0.62	0.62	723779.9	5021833.9	1746.8	140.2		

	Ma7	    -- -->  	  61.4 °	   5.8 °		0.47								   5.8 °	0.05	0.47	0.47	723780.9	5021834.4	1746.9	140.0		

	Ma7	    -- -->  	 133.4 °	   1.1 °		0.55								   1.1 °	0.01	0.55	0.55	723780.9	5021833.8	1746.9	140.1		

	Ma7	    -- -->  	 179.3 °	  84.5 °		1.92								  84.5 °	1.91	1.92	0.18	723780.5	5021834.0	1748.8	139.7		

	Ma7	    -- -->  	 329.5 °	 -86.3 °		2.52								 -86.3 °	-2.51	2.52	0.16	723780.4	5021834.3	1744.4	139.7		

	Ma7	   Ma8	 225.5 °	   9.1 °		1.57				0.4		0.7	2.6	   9.1 °	0.25	1.57	1.55	723779.4	5021833.1	1747.1	141.1		

	Ma8	    -- -->  	  86.2 °	  -8.6 °		0.39								  -8.6 °	-0.06	0.39	0.39	723779.7	5021833.1	1747.1	141.5		

	Ma8	    -- -->  	  62.9 °	  -9.5 °		0.46								  -9.5 °	-0.08	0.46	0.45	723779.8	5021833.3	1747.1	141.6		

	Ma8	    -- -->  	  25.1 °	   6.2 °		0.50								   6.2 °	0.05	0.50	0.50	723779.6	5021833.5	1747.2	141.6		

	Ma8	    -- -->  	 140.7 °	 -12.1 °		0.60								 -12.1 °	-0.13	0.60	0.59	723779.7	5021832.6	1747.0	141.7		

	Ma8	    -- -->  	  79.4 °	 -82.0 °		2.61								 -82.0 °	-2.58	2.61	0.36	723779.7	5021833.1	1744.6	141.5		

	Ma8	    -- -->  	  86.6 °	  78.2 °		0.71								  78.2 °	0.69	0.71	0.15	723779.5	5021833.1	1747.8	141.3		

	Ma8	    -- -->  	 127.8 °	  -9.6 °		0.84								  -9.6 °	-0.14	0.84	0.83	723780.0	5021832.6	1747.0	141.9		

	Ma8	    -- -->  	  88.9 °	 -14.6 °		0.22								 -14.6 °	-0.06	0.22	0.21	723779.6	5021833.1	1747.1	141.3		

	Ma8	   Ma9	 103.2 °	   6.6 °		1.98					0.6		0.2	   6.6 °	0.23	1.98	1.97	723781.3	5021832.6	1747.4	143.1		

	Ma9	    -- -->  	 192.4 °	  -0.5 °		0.43								  -0.5 °	-0.00	0.43	0.43	723781.2	5021832.2	1747.4	143.5		

	Ma9	    -- -->  	 220.4 °	  -3.5 °		0.83								  -3.5 °	-0.05	0.83	0.83	723780.7	5021832.0	1747.3	143.9		

	Ma9	    -- -->  	 265.0 °	  -4.6 °		0.56								  -4.6 °	-0.04	0.56	0.56	723780.7	5021832.6	1747.3	143.6		

	Ma9	    -- -->  	 246.7 °	  -9.5 °		1.28								  -9.5 °	-0.21	1.28	1.26	723780.1	5021832.1	1747.2	144.3		

	Ma9	    -- -->  	 317.6 °	  -0.6 °		0.54								  -0.6 °	-0.01	0.54	0.54	723780.9	5021833.0	1747.4	143.6		

	Ma9	    -- -->  	 223.1 °	 -13.2 °		0.83								 -13.2 °	-0.19	0.83	0.81	723780.7	5021832.0	1747.2	143.9		

	Ma9	    -- -->  	 231.5 °	  -9.0 °		1.04								  -9.0 °	-0.16	1.04	1.03	723780.5	5021832.0	1747.2	144.1		

	Ma9	   Ma10	 235.5 °	   9.7 °		1.57				0.3		2.0	2.4	   9.7 °	0.26	1.57	1.55	723780.0	5021831.7	1747.6	144.6		

	Ma10	    -- -->  	  95.0 °	  -6.2 °		0.31								  -6.2 °	-0.03	0.31	0.31	723780.3	5021831.7	1747.6	144.9		

	Ma10	    -- -->  	  86.8 °	  -0.7 °		0.35								  -0.7 °	-0.00	0.35	0.35	723780.3	5021831.8	1747.6	145.0		

	Ma10	    -- -->  	 138.1 °	  -5.4 °		0.61								  -5.4 °	-0.06	0.61	0.61	723780.4	5021831.3	1747.6	145.2		

	Ma10	    -- -->  	 175.4 °	  -1.6 °		0.58								  -1.6 °	-0.02	0.58	0.58	723780.0	5021831.2	1747.6	145.2		

	Ma10	    -- -->  	 162.3 °	  -0.9 °		1.23								  -0.9 °	-0.02	1.23	1.23	723780.3	5021830.6	1747.6	145.9		

	Ma10	    -- -->  	  24.1 °	  10.6 °		0.43								  10.6 °	0.08	0.43	0.42	723780.2	5021832.1	1747.7	145.0		

	Ma10	    -- -->  	 228.9 °	 -77.6 °		2.48								 -77.6 °	-2.42	2.48	0.53	723779.6	5021831.4	1745.2	145.2		

	Ma10	    -- -->  	 109.5 °	  74.7 °		2.06								  74.7 °	1.99	2.06	0.54	723780.5	5021831.6	1749.6	145.2		

	Ma10	   Ma11	 147.4 °	  15.5 °		1.69				0.3		0.1	2.9	  15.5 °	0.45	1.69	1.63	723780.8	5021830.4	1748.1	146.2		

	Ma11	    -- -->  	   9.8 °	  11.4 °		0.29								  11.4 °	0.06	0.29	0.28	723780.9	5021830.6	1748.2	146.5		

	Ma11	    -- -->  	 299.1 °	  17.3 °		0.37								  17.3 °	0.11	0.37	0.35	723780.5	5021830.5	1748.2	146.6		

	Ma11	    -- -->  	  54.4 °	   2.8 °		0.73								   2.8 °	0.04	0.73	0.73	723781.4	5021830.8	1748.1	147.0		

	Ma11	    -- -->  	  96.8 °	  -1.9 °		0.68								  -1.9 °	-0.02	0.68	0.68	723781.5	5021830.3	1748.1	146.9		

	Ma11	    -- -->  	  79.5 °	  -7.3 °		1.60								  -7.3 °	-0.20	1.60	1.59	723782.4	5021830.6	1747.9	147.8		

	Ma11	    -- -->  	  24.0 °	 -70.6 °		3.10								 -70.6 °	-2.92	3.10	1.03	723781.3	5021831.3	1745.2	147.3		

	Ma11	   Ma12	  75.0 °	  -6.5 °		1.62					0.4	0.1	0.2	  -6.5 °	-0.18	1.62	1.61	723782.4	5021830.8	1747.9	147.9		

	Ma12	    -- -->  	 301.6 °	   6.2 °		0.63								   6.2 °	0.07	0.63	0.63	723781.9	5021831.1	1748.0	148.5		

	Ma12	    -- -->  	 139.1 °	  -4.2 °		0.48								  -4.2 °	-0.04	0.48	0.48	723782.7	5021830.4	1747.9	148.3		

	Ma12	    -- -->  	 166.0 °	 -10.0 °		0.82								 -10.0 °	-0.14	0.82	0.81	723782.6	5021830.0	1747.8	148.7		

	Ma12	    -- -->  	 227.5 °	  -7.8 °		0.44								  -7.8 °	-0.06	0.44	0.44	723782.1	5021830.5	1747.9	148.3		

	Ma12	    -- -->  	 247.8 °	  -4.3 °		0.97								  -4.3 °	-0.07	0.97	0.97	723781.5	5021830.4	1747.8	148.8		

	Ma12	    -- -->  	 183.9 °	 -13.6 °		1.03								 -13.6 °	-0.24	1.03	1.00	723782.3	5021829.8	1747.7	148.9		

	Ma12	   Ma13	 199.0 °	 -11.4 °		1.80				0.3		2.4	2.1	 -11.4 °	-0.36	1.80	1.76	723781.8	5021829.1	1747.6	149.6		 marqu� vernis 2m au dessus de l'eau

	Ma13	    -- -->  	 345.8 °	  10.3 °		0.39								  10.3 °	0.07	0.39	0.38	723781.7	5021829.5	1747.6	150.0		

	Ma13	    -- -->  	   2.8 °	  10.1 °		1.03								  10.1 °	0.18	1.03	1.01	723781.9	5021830.1	1747.7	150.6		

	Ma13	    -- -->  	  61.4 °	  -1.5 °		0.34								  -1.5 °	-0.01	0.34	0.34	723782.1	5021829.3	1747.5	150.0		

	Ma13	    -- -->  	 125.1 °	  83.1 °		2.43								  83.1 °	2.41	2.43	0.29	723782.1	5021828.9	1750.0	149.9		

	Ma13	    -- -->  	 158.9 °	 -86.8 °		2.11								 -86.8 °	-2.11	2.11	0.12	723781.9	5021829.0	1745.4	149.7		

	Ma13	    -- -->  	 138.5 °	   1.8 °		0.77								   1.8 °	0.02	0.77	0.77	723782.3	5021828.5	1747.6	150.4		

	Ma13	    -- -->  	 107.4 °	  15.8 °		0.45								  15.8 °	0.12	0.45	0.43	723782.2	5021829.0	1747.7	150.1		

	Ma13	   Ma14	 142.2 °	  34.2 °		2.73					0.5	0.0	0.2	  34.2 °	1.53	2.73	2.26	723783.2	5021827.3	1749.1	151.9		

	Ma14	    -- -->  	 267.4 °	 -13.5 °		0.50								 -13.5 °	-0.12	0.50	0.49	723782.7	5021827.3	1749.0	152.4		

	Ma14	    -- -->  	 301.5 °	 -12.4 °		0.74								 -12.4 °	-0.16	0.74	0.72	723782.6	5021827.7	1748.9	152.6		

	Ma14	    -- -->  	 285.5 °	 -22.1 °		0.49								 -22.1 °	-0.18	0.49	0.45	723782.7	5021827.4	1748.9	152.3		

	Ma14	    -- -->  	 212.5 °	  -1.0 °		0.50								  -1.0 °	-0.01	0.50	0.50	723782.9	5021826.9	1749.1	152.4		

	Ma14	    -- -->  	 227.8 °	   2.0 °		1.09								   2.0 °	0.04	1.09	1.09	723782.4	5021826.6	1749.1	153.0		

	Ma14	    -- -->  	 250.0 °	  -1.3 °		0.63								  -1.3 °	-0.01	0.63	0.63	723782.6	5021827.1	1749.1	152.5		

	Ma14	    -- -->  	 311.0 °	  -7.0 °		0.48								  -7.0 °	-0.06	0.48	0.48	723782.8	5021827.6	1749.0	152.4		

	Ma14	    -- -->  	 327.6 °	  -6.7 °		0.88								  -6.7 °	-0.10	0.88	0.87	723782.7	5021828.0	1749.0	152.8		

	Ma14	   Ma15	 234.9 °	  -2.3 °		2.22				0.3	0.7	2.0	2.7	  -2.3 °	-0.09	2.22	2.22	723781.3	5021826.0	1749.0	154.1		

	Ma15	    -- -->  	 298.1 °	   4.9 °		0.74								   4.9 °	0.06	0.74	0.74	723780.7	5021826.4	1749.1	154.8		

	Ma15	    -- -->  	 255.7 °	  -0.7 °		0.73								  -0.7 °	-0.01	0.73	0.73	723780.6	5021825.9	1749.0	154.8		

	Ma15	    -- -->  	 230.7 °	  -5.1 °		0.47								  -5.1 °	-0.04	0.47	0.47	723781.0	5021825.8	1749.0	154.6		

	Ma15	    -- -->  	 161.1 °	  -8.8 °		0.40								  -8.8 °	-0.06	0.40	0.40	723781.5	5021825.7	1748.9	154.5		

	Ma15	    -- -->  	  60.8 °	   9.1 °		0.76								   9.1 °	0.12	0.76	0.75	723782.0	5021826.4	1749.1	154.9		

	Ma15	    -- -->  	  13.0 °	   6.0 °		0.51								   6.0 °	0.05	0.51	0.51	723781.5	5021826.5	1749.1	154.6		

	Ma15	    -- -->  	  30.3 °	  11.1 °		0.85								  11.1 °	0.16	0.85	0.83	723781.8	5021826.8	1749.2	154.9		

	Ma15	    -- -->  	 348.8 °	  13.5 °		0.58								  13.5 °	0.14	0.58	0.56	723781.2	5021826.6	1749.1	154.7		

	Ma15	    -- -->  	 255.1 °	  80.7 °		2.01								  80.7 °	1.98	2.01	0.32	723781.0	5021826.0	1751.0	154.4		

	Ma15	    -- -->  	 227.2 °	 -86.1 °		2.66								 -86.1 °	-2.65	2.66	0.18	723781.2	5021825.9	1746.3	154.3		

	Ma15	   Ma16	 200.3 °	   1.9 °		1.13				0.3		0.1	0.1	   1.9 °	0.04	1.13	1.13	723780.9	5021825.0	1749.0	155.2		

	Ma16	    -- -->  	  53.4 °	  -0.7 °		0.34								  -0.7 °	-0.00	0.34	0.34	723781.2	5021825.2	1749.0	155.6		

	Ma16	    -- -->  	 359.5 °	  -1.4 °		0.56								  -1.4 °	-0.01	0.56	0.56	723780.9	5021825.6	1749.0	155.8		

	Ma16	    -- -->  	 113.2 °	   6.7 °		0.76								   6.7 °	0.09	0.76	0.75	723781.6	5021824.7	1749.1	156.0		

	Ma16	    -- -->  	 130.2 °	  -5.6 °		1.31								  -5.6 °	-0.13	1.31	1.30	723781.9	5021824.1	1748.9	156.5		

	Ma16	   Ma17	 143.9 °	  -3.2 °		1.99					0.6	2.6	2.0	  -3.2 °	-0.11	1.99	1.99	723782.1	5021823.4	1748.9	157.2		

	Ma17	    -- -->  	 281.5 °	  -7.0 °		0.63								  -7.0 °	-0.08	0.63	0.63	723781.5	5021823.5	1748.8	157.8		

	Ma17	    -- -->  	 307.8 °	   6.5 °		0.65								   6.5 °	0.07	0.65	0.65	723781.6	5021823.8	1749.0	157.9		

	Ma17	    -- -->  	 253.1 °	 -10.3 °		0.80								 -10.3 °	-0.14	0.80	0.79	723781.3	5021823.2	1748.8	158.0		

	Ma17	    -- -->  	 209.5 °	  -4.3 °		0.57								  -4.3 °	-0.04	0.57	0.57	723781.8	5021822.9	1748.9	157.8		

	Ma17	    -- -->  	 228.1 °	 -16.1 °		1.55								 -16.1 °	-0.43	1.55	1.49	723781.0	5021822.4	1748.5	158.7		

	Ma17	    -- -->  	 117.8 °	 -83.9 °		2.00								 -83.9 °	-1.99	2.00	0.21	723782.3	5021823.3	1746.9	157.4		

	Ma17	    -- -->  	 229.8 °	  83.6 °		2.57								  83.6 °	2.55	2.57	0.29	723781.9	5021823.2	1751.5	157.5		

	Ma17	   Ma18	 232.0 °	  24.6 °		2.49				0.8			2.8	  24.6 °	1.04	2.49	2.26	723780.3	5021822.0	1750.0	159.5		

	Ma18	    -- -->  	  80.6 °	 -11.9 °		0.89								 -11.9 °	-0.18	0.89	0.87	723781.2	5021822.1	1749.8	160.4		

	Ma18	    -- -->  	 116.9 °	 -20.9 °		0.53								 -20.9 °	-0.19	0.53	0.50	723780.7	5021821.8	1749.8	160.0		

	Ma18	    -- -->  	 179.5 °	  -9.5 °		0.58								  -9.5 °	-0.10	0.58	0.57	723780.3	5021821.4	1749.9	160.1		

	Ma18	    -- -->  	 238.2 °	 -79.1 °		2.81								 -79.1 °	-2.76	2.81	0.53	723779.8	5021821.7	1747.2	160.0		

	Ma18	    -- -->  	 144.5 °	 -17.3 °		1.15								 -17.3 °	-0.34	1.15	1.10	723780.9	5021821.1	1749.6	160.6		

	Ma18	   Ma19	 142.5 °	 -17.9 °		1.15				0.6		2.8	0.0	 -17.9 °	-0.35	1.15	1.09	723781.0	5021821.1	1749.6	160.6		

	Ma19	    -- -->  	 345.2 °	  -2.1 °		0.60								  -2.1 °	-0.02	0.60	0.60	723780.8	5021821.7	1749.6	161.2		

	Ma19	    -- -->  	  20.4 °	  -1.5 °		0.64								  -1.5 °	-0.02	0.64	0.64	723781.2	5021821.7	1749.6	161.2		

	Ma19	    -- -->  	  37.6 °	   6.0 °		0.87								   6.0 °	0.09	0.87	0.87	723781.5	5021821.8	1749.7	161.4		

	Ma19	    -- -->  	  57.4 °	   4.1 °		0.63								   4.1 °	0.05	0.63	0.63	723781.5	5021821.5	1749.7	161.2		

	Ma19	    -- -->  	  73.8 °	  82.6 °		2.81								  82.6 °	2.79	2.81	0.36	723781.3	5021821.2	1752.4	160.9		

	Ma19	   Ma20	  52.5 °	  34.8 °		1.62					0.4	0.0	0.0	  34.8 °	0.92	1.62	1.33	723782.0	5021821.9	1750.5	161.9		

	Ma20	    -- -->  	 192.0 °	   1.8 °		0.41								   1.8 °	0.01	0.41	0.41	723781.9	5021821.5	1750.5	162.3		

	Ma20	    -- -->  	 109.7 °	   1.4 °		0.53								   1.4 °	0.01	0.53	0.53	723782.5	5021821.7	1750.5	162.4		

	Ma20	    -- -->  	 135.9 °	  -2.4 °		1.01								  -2.4 °	-0.04	1.01	1.01	723782.7	5021821.2	1750.5	162.9		

	Ma20	    -- -->  	 154.8 °	  -2.9 °		0.55								  -2.9 °	-0.03	0.55	0.55	723782.2	5021821.4	1750.5	162.5		

	Ma20	    -- -->  	 242.2 °	  -5.0 °		0.49								  -5.0 °	-0.04	0.49	0.49	723781.6	5021821.7	1750.5	162.4		

	Ma20	   Ma21	 147.3 °	  -4.7 °		1.33					0.7	0.1	0.1	  -4.7 °	-0.11	1.33	1.33	723782.7	5021820.8	1750.4	163.2		

	Ma21	    -- -->  	 245.8 °	  -5.1 °		0.84								  -5.1 °	-0.07	0.84	0.84	723782.0	5021820.5	1750.3	164.1		

	Ma21	    -- -->  	 206.5 °	  -2.1 °		0.62								  -2.1 °	-0.02	0.62	0.62	723782.4	5021820.2	1750.4	163.8		

	Ma21	    -- -->  	   3.3 °	   9.5 °		0.32								   9.5 °	0.05	0.32	0.32	723782.7	5021821.1	1750.5	163.5		

	Ma21	   Ma22	 221.3 °	  21.5 °		1.77				0.4		0.0	0.1	  21.5 °	0.65	1.77	1.65	723781.6	5021819.6	1751.1	164.9		

	Ma22	    -- -->  	 118.3 °	 -12.8 °		0.44								 -12.8 °	-0.10	0.44	0.43	723782.0	5021819.4	1751.0	165.3		

	Ma22	    -- -->  	  55.0 °	  -6.4 °		0.85								  -6.4 °	-0.09	0.85	0.84	723782.3	5021820.0	1751.0	165.7		

	Ma22	    -- -->  	 174.8 °	   1.9 °		0.72								   1.9 °	0.02	0.72	0.72	723781.7	5021818.9	1751.1	165.6		

	Ma22	   Ma23	 152.7 °	 -11.6 °		1.00				0.4		2.3	2.3	 -11.6 °	-0.20	1.00	0.98	723782.1	5021818.7	1750.9	165.9		

	Ma23	    -- -->  	 357.6 °	   6.7 °		0.39								   6.7 °	0.05	0.39	0.39	723782.0	5021819.1	1750.9	166.2		

	Ma23	    -- -->  	  43.5 °	   1.4 °		0.36								   1.4 °	0.01	0.36	0.36	723782.3	5021819.0	1750.9	166.2		

	Ma23	    -- -->  	  88.5 °	   8.0 °		0.68								   8.0 °	0.09	0.68	0.67	723782.7	5021818.7	1751.0	166.5		

	Ma23	    -- -->  	 120.9 °	  -1.2 °		0.96								  -1.2 °	-0.02	0.96	0.96	723782.9	5021818.2	1750.9	166.8		

	Ma23	    -- -->  	 128.2 °	  -4.7 °		0.67								  -4.7 °	-0.05	0.67	0.67	723782.6	5021818.3	1750.8	166.5		

	Ma23	    -- -->  	  61.8 °	 -80.8 °		2.34								 -80.8 °	-2.31	2.34	0.37	723782.4	5021818.9	1748.6	166.2		

	Ma23	    -- -->  	 116.6 °	  84.5 °		2.27								  84.5 °	2.26	2.27	0.22	723782.3	5021818.6	1753.1	166.1		

	Ma23	   Ma24	 111.4 °	  -2.9 °		1.94					0.4	0.1	2.3	  -2.9 °	-0.10	1.94	1.94	723783.9	5021818.0	1750.8	167.8		 marqu� vernis � gauche

	Ma24	    -- -->  	 265.4 °	 -11.8 °		0.45								 -11.8 °	-0.09	0.45	0.44	723783.4	5021817.9	1750.7	168.2		

	Ma24	    -- -->  	 288.6 °	  -1.5 °		0.56								  -1.5 °	-0.01	0.56	0.56	723783.3	5021818.2	1750.8	168.4		

	Ma24	    -- -->  	 333.4 °	  14.4 °		0.37								  14.4 °	0.09	0.37	0.36	723783.7	5021818.3	1750.9	168.2		

	Ma24	    -- -->  	 206.3 °	 -19.4 °		0.72								 -19.4 °	-0.24	0.72	0.68	723783.5	5021817.4	1750.5	168.5		

	Ma24	    -- -->  	 253.4 °	 -18.6 °		0.87								 -18.6 °	-0.28	0.87	0.82	723783.1	5021817.7	1750.5	168.6		

	Ma24	    -- -->  	  81.9 °	 -82.2 °		2.29								 -82.2 °	-2.27	2.29	0.31	723784.2	5021818.0	1748.5	168.1		

	Ma24	   Ma25	 253.1 °	 -20.5 °		2.48				0.6			0.1	 -20.5 °	-0.87	2.48	2.32	723781.6	5021817.3	1749.9	170.1		

	Ma25	    -- -->  	  91.7 °	  -4.7 °		0.61								  -4.7 °	-0.05	0.61	0.61	723782.2	5021817.3	1749.9	170.7		

	Ma25	    -- -->  	 107.4 °	  -1.7 °		1.13								  -1.7 °	-0.03	1.13	1.13	723782.7	5021817.0	1749.9	171.2		

	Ma25	    -- -->  	 122.2 °	  -5.6 °		0.93								  -5.6 °	-0.09	0.93	0.93	723782.4	5021816.8	1749.8	171.0		

	Ma25	    -- -->  	 161.0 °	 -11.2 °		0.35								 -11.2 °	-0.07	0.35	0.34	723781.7	5021817.0	1749.8	170.5		

	Ma25	    -- -->  	 120.5 °	  -6.3 °		1.38								  -6.3 °	-0.15	1.38	1.37	723782.8	5021816.6	1749.8	171.5		

	Ma25	   Ma26	 117.9 °	  -1.2 °		1.38					0.6		0.1	  -1.2 °	-0.03	1.38	1.38	723782.8	5021816.7	1749.9	171.5		

	Ma26	    -- -->  	 276.5 °	  -5.8 °		0.35								  -5.8 °	-0.04	0.35	0.35	723782.5	5021816.7	1749.8	171.8		

	Ma26	    -- -->  	 229.3 °	  -2.8 °		0.65								  -2.8 °	-0.03	0.65	0.65	723782.3	5021816.2	1749.8	172.1		

	Ma26	    -- -->  	 186.0 °	  -7.7 °		1.00								  -7.7 °	-0.13	1.00	0.99	723782.7	5021815.7	1749.7	172.5		

	Ma26	   Ma27	 201.2 °	  14.7 °		1.92				0.3		0.0		  14.7 °	0.49	1.92	1.86	723782.1	5021814.9	1750.4	173.4		

	Ma27	    -- -->  	  72.9 °	   1.1 °		0.30								   1.1 °	0.01	0.30	0.30	723782.4	5021815.0	1750.4	173.7		

	Ma27	    -- -->  	 110.0 °	   3.3 °		0.63								   3.3 °	0.04	0.63	0.63	723782.7	5021814.7	1750.4	174.0		

	Ma27	   Ma28	  85.3 °	  -4.6 °		1.70				0.3		0.1	0.1	  -4.6 °	-0.14	1.70	1.69	723783.8	5021815.1	1750.2	175.0		

	Ma28	    -- -->  	  86.2 °	  -4.7 °		1.70								  -4.7 °	-0.14	1.70	1.69	723785.5	5021815.1	1750.1	176.7		

	Ma28	    -- -->  	 318.9 °	  13.5 °		0.34								  13.5 °	0.08	0.34	0.33	723783.6	5021815.3	1750.3	175.4		

	Ma28	    -- -->  	  36.3 °	   3.0 °		0.68								   3.0 °	0.04	0.68	0.68	723784.2	5021815.6	1750.3	175.7		

	Ma28	   Ma29	  55.9 °	  23.6 °		0.72					0.2		0.1	  23.6 °	0.29	0.72	0.66	723784.4	5021815.4	1750.5	175.7		

	Ma29	    -- -->  	 184.4 °	 -20.9 °		0.20								 -20.9 °	-0.07	0.20	0.19	723784.4	5021815.2	1750.4	175.9		

	Ma29	   Ma30	 144.8 °	   2.7 °		0.83								   2.7 °	0.04	0.83	0.83	723784.9	5021814.7	1750.6	176.5		

	Ma30	   Ma31	 208.5 °	  41.3 °		2.02				0.5	0.6	1.9	2.2	  41.3 °	1.33	2.02	1.52	723784.1	5021813.4	1751.9	178.1		

	Ma31	    -- -->  	 255.1 °	   9.2 °		0.60								   9.2 °	0.10	0.60	0.59	723783.5	5021813.3	1752.0	178.6		

	Ma31	    -- -->  	 283.1 °	   7.0 °		0.38								   7.0 °	0.05	0.38	0.38	723783.7	5021813.5	1751.9	178.4		

	Ma31	    -- -->  	 202.6 °	  12.3 °		0.81								  12.3 °	0.17	0.81	0.79	723783.8	5021812.7	1752.1	178.8		

	Ma31	    -- -->  	 231.5 °	  22.9 °		0.85								  22.9 °	0.33	0.85	0.78	723783.5	5021812.9	1752.2	178.8		

	Ma31	    -- -->  	 102.5 °	  -6.2 °		0.38								  -6.2 °	-0.04	0.38	0.38	723784.5	5021813.3	1751.8	178.4		

	Ma31	    -- -->  	  64.2 °	 -12.8 °		0.50								 -12.8 °	-0.11	0.50	0.49	723784.6	5021813.6	1751.8	178.5		

	Ma31	    -- -->  	  12.8 °	  12.3 °		0.64								  12.3 °	0.14	0.64	0.63	723784.3	5021814.0	1752.0	178.7		

	Ma31	    -- -->  	 259.3 °	 -80.6 °		2.24								 -80.6 °	-2.21	2.24	0.37	723783.8	5021813.3	1749.7	178.4		

	Ma31	    -- -->  	  76.6 °	  81.2 °		1.97								  81.2 °	1.95	1.97	0.30	723784.4	5021813.5	1753.8	178.4		

	Ma31	    -- -->  	 172.7 °	  -3.7 °		0.74								  -3.7 °	-0.05	0.74	0.74	723784.2	5021812.7	1751.8	178.8		

	Ma31	   Ma32	 127.7 °	   2.8 °		0.98				0.3	0.2	0.1	0.0	   2.8 °	0.05	0.98	0.98	723784.9	5021812.8	1751.9	179.0		

	Ma32	    -- -->  	 231.5 °	  -6.3 °		0.26								  -6.3 °	-0.03	0.26	0.26	723784.7	5021812.6	1751.9	179.3		

	Ma32	    -- -->  	 337.8 °	   8.9 °		0.35								   8.9 °	0.05	0.35	0.35	723784.8	5021813.1	1752.0	179.4		

	Ma32	    -- -->  	  44.5 °	  10.4 °		0.61								  10.4 °	0.11	0.61	0.60	723785.3	5021813.2	1752.0	179.6		

	Ma32	    -- -->  	  72.3 °	   6.0 °		0.70								   6.0 °	0.07	0.70	0.70	723785.5	5021813.0	1752.0	179.7		

	Ma32	   Ma33	  70.0 °	  -6.1 °		1.58					0.4	0.1	0.1	  -6.1 °	-0.17	1.58	1.57	723786.4	5021813.3	1751.8	180.6		

	Ma33	    -- -->  	 230.8 °	 -10.3 °		0.38								 -10.3 °	-0.07	0.38	0.37	723786.1	5021813.1	1751.7	181.0		

	Ma33	    -- -->  	 294.3 °	  15.9 °		0.33								  15.9 °	0.09	0.33	0.32	723786.1	5021813.5	1751.9	180.9		

	Ma33	    -- -->  	 152.9 °	  -5.2 °		0.52								  -5.2 °	-0.05	0.52	0.52	723786.6	5021812.9	1751.7	181.1		

	Ma33	    -- -->  	 181.4 °	  -5.6 °		1.01								  -5.6 °	-0.10	1.01	1.01	723786.3	5021812.3	1751.7	181.6		

	Ma33	   Ma34	 179.5 °	  -6.1 °		1.01					0.3	0.1		  -6.1 °	-0.11	1.01	1.00	723786.4	5021812.3	1751.7	181.6		

	Ma34	    -- -->  	 320.4 °	   3.4 °		0.30								   3.4 °	0.02	0.30	0.30	723786.2	5021812.6	1751.7	181.9		

	Ma34	    -- -->  	 262.7 °	   6.7 °		0.66								   6.7 °	0.08	0.66	0.66	723785.7	5021812.2	1751.7	182.3		

	Ma34	    -- -->  	 236.1 °	  13.8 °		0.31								  13.8 °	0.07	0.31	0.30	723786.1	5021812.2	1751.7	181.9		

	Ma34	   Ma35	 228.1 °	  46.0 °		1.40				0.3		0.7		  46.0 °	1.01	1.40	0.97	723785.6	5021811.7	1752.7	182.6		

	Ma35	    -- -->  	 114.4 °	   2.5 °		0.32								   2.5 °	0.01	0.32	0.32	723785.9	5021811.5	1752.7	182.9		

	Ma35	    -- -->  	 211.3 °	  13.3 °		0.64								  13.3 °	0.15	0.64	0.62	723785.3	5021811.2	1752.8	183.2		

	Ma35	    -- -->  	 167.7 °	  28.8 °		1.41								  28.8 °	0.68	1.41	1.24	723785.9	5021810.5	1753.3	183.8		

	Ma35	   Ma36	 166.8 °	  27.3 °		1.41				0.3		0.0	0.1	  27.3 °	0.65	1.41	1.25	723785.9	5021810.5	1753.3	183.8		

	Ma36	    -- -->  	  49.6 °	 -14.5 °		0.32								 -14.5 °	-0.08	0.32	0.31	723786.1	5021810.7	1753.2	184.1		

	Ma36	    -- -->  	 118.3 °	   0.9 °		0.66								   0.9 °	0.01	0.66	0.66	723786.5	5021810.1	1753.3	184.5		

	Ma36	    -- -->  	 101.2 °	  -5.6 °		1.11								  -5.6 °	-0.11	1.11	1.10	723787.0	5021810.2	1753.2	184.9		

	Ma36	    -- -->  	  81.4 °	 -10.7 °		0.49								 -10.7 °	-0.09	0.49	0.48	723786.4	5021810.5	1753.2	184.3		

	Ma36	    -- -->  	  82.1 °	 -13.5 °		2.12								 -13.5 °	-0.49	2.12	2.06	723787.9	5021810.7	1752.8	185.9		

	Ma36	   Ma37	  86.6 °	 -14.3 °		2.49					0.6	1.6	2.4	 -14.3 °	-0.62	2.49	2.41	723788.3	5021810.6	1752.7	186.2		

	Ma37	    -- -->  	 228.4 °	  -3.4 °		0.61								  -3.4 °	-0.04	0.61	0.61	723787.9	5021810.2	1752.7	186.9		

	Ma37	    -- -->  	 144.5 °	  -1.6 °		0.90								  -1.6 °	-0.03	0.90	0.90	723788.8	5021809.8	1752.7	187.1		

	Ma37	    -- -->  	 175.7 °	  -6.3 °		1.39								  -6.3 °	-0.15	1.39	1.38	723788.4	5021809.2	1752.5	187.6		

	Ma37	    -- -->  	 162.6 °	   4.7 °		1.89								   4.7 °	0.15	1.89	1.88	723788.9	5021808.8	1752.9	188.1		

	Ma37	    -- -->  	 300.3 °	  17.1 °		0.46								  17.1 °	0.14	0.46	0.44	723787.9	5021810.8	1752.8	186.7		

	Ma37	    -- -->  	 354.5 °	 -86.2 °		2.42								 -86.2 °	-2.41	2.42	0.16	723788.3	5021810.7	1750.3	186.4		

	Ma37	    -- -->  	 190.3 °	  80.7 °		1.65								  80.7 °	1.63	1.65	0.27	723788.3	5021810.3	1754.3	186.5		

	Ma37	   Ma38	 153.2 °	   7.7 °		4.28					0.4	0.1	2.4	   7.7 °	0.57	4.28	4.24	723790.2	5021806.8	1753.3	190.5		

	Ma38	    -- -->  	 262.0 °	   6.2 °		0.48								   6.2 °	0.05	0.48	0.48	723789.7	5021806.7	1753.3	191.0		

	Ma38	    -- -->  	 281.6 °	  13.3 °		0.47								  13.3 °	0.11	0.47	0.46	723789.7	5021806.9	1753.4	190.9		

	Ma38	    -- -->  	 186.5 °	  -7.4 °		0.77								  -7.4 °	-0.10	0.77	0.76	723790.1	5021806.0	1753.2	191.3		

	Ma38	    -- -->  	 154.8 °	  -6.8 °		0.85								  -6.8 °	-0.10	0.85	0.84	723790.5	5021806.0	1753.2	191.3		

	Ma38	    -- -->  	  96.2 °	  -5.5 °		0.68								  -5.5 °	-0.07	0.68	0.68	723790.9	5021806.7	1753.2	191.2		

	Ma38	    -- -->  	 236.5 °	 -89.5 °		2.39								 -89.5 °	-2.39	2.39	0.02	723790.2	5021806.8	1750.9	190.5		

	Ma38	    -- -->  	 122.9 °	   1.2 °		1.65								   1.2 °	0.03	1.65	1.65	723791.6	5021805.9	1753.3	192.1		

	Ma38	   Ma39	 122.5 °	   2.9 °		1.67					0.3	0.0	0.1	   2.9 °	0.08	1.67	1.67	723791.6	5021805.9	1753.4	192.2		

	Ma39	    -- -->  	 256.3 °	  -1.6 °		0.29								  -1.6 °	-0.01	0.29	0.29	723791.3	5021805.8	1753.3	192.4		

	Ma39	    -- -->  	 183.6 °	  -5.3 °		0.69								  -5.3 °	-0.06	0.69	0.69	723791.5	5021805.2	1753.3	192.8		

	Ma39	    -- -->  	 212.7 °	  -1.6 °		1.67								  -1.6 °	-0.05	1.67	1.67	723790.7	5021804.5	1753.3	193.8		

	Ma39	    -- -->  	 222.2 °	   0.3 °		0.87								   0.3 °	0.00	0.87	0.87	723791.0	5021805.2	1753.4	193.0		

	Ma39	    -- -->  	 192.9 °	  -2.0 °		1.40								  -2.0 °	-0.05	1.40	1.40	723791.2	5021804.5	1753.3	193.6		

	Ma39	   Ma40	 197.9 °	   2.9 °		2.46				0.3		0.1	0.0	   2.9 °	0.12	2.46	2.46	723790.8	5021803.5	1753.5	194.6		

	Ma40	    -- -->  	  80.1 °	   0.9 °		0.33								   0.9 °	0.01	0.33	0.33	723791.1	5021803.6	1753.5	194.9		

	Ma40	    -- -->  	 137.4 °	  -0.6 °		0.76								  -0.6 °	-0.01	0.76	0.76	723791.3	5021803.0	1753.5	195.4		

	Ma40	    -- -->  	 178.1 °	   9.9 °		0.60								   9.9 °	0.10	0.60	0.59	723790.8	5021802.9	1753.6	195.2		

	Ma40	   Ma41	 160.6 °	  17.3 °		1.41					0.4	0.0	0.6	  17.3 °	0.42	1.41	1.35	723791.2	5021802.2	1753.9	196.0		

	Ma41	    -- -->  	 218.6 °	   0.3 °		0.83								   0.3 °	0.00	0.83	0.83	723790.7	5021801.6	1753.9	196.8		

	Ma41	    -- -->  	 251.9 °	   1.9 °		0.86								   1.9 °	0.03	0.86	0.86	723790.4	5021802.0	1753.9	196.8		

	Ma41	    -- -->  	 295.9 °	   5.5 °		0.41								   5.5 °	0.04	0.41	0.41	723790.9	5021802.4	1753.9	196.4		

	Ma41	    -- -->  	 101.4 °	 -84.9 °		0.57								 -84.9 °	-0.57	0.57	0.05	723791.3	5021802.2	1753.3	196.0		

	Ma41	   Ma42	 237.8 °	   2.8 °		3.49				0.6		0.2	0.1	   2.8 °	0.17	3.49	3.49	723788.3	5021800.4	1754.1	199.4		 vernis RG kit � zezei

	Ma42	    -- -->  	  35.7 °	  -3.8 °		0.64								  -3.8 °	-0.04	0.64	0.64	723788.6	5021800.9	1754.0	200.1		

	Ma42	    -- -->  	  65.3 °	  -5.8 °		1.38								  -5.8 °	-0.14	1.38	1.37	723789.5	5021801.0	1753.9	200.8		

	Ma42	    -- -->  	  78.8 °	 -11.6 °		0.63								 -11.6 °	-0.13	0.63	0.62	723788.9	5021800.5	1753.9	200.1		

	Ma42	    -- -->  	  97.2 °	  -7.2 °		1.17								  -7.2 °	-0.15	1.17	1.16	723789.4	5021800.3	1753.9	200.6		

	Ma42	    -- -->  	 136.3 °	   3.9 °		0.94								   3.9 °	0.06	0.94	0.94	723788.9	5021799.7	1754.1	200.4		

	Ma42	    -- -->  	 208.0 °	  13.1 °		0.35								  13.1 °	0.08	0.35	0.34	723788.1	5021800.1	1754.2	199.8		

	Ma42	    -- -->  	 169.0 °	  13.2 °		0.68								  13.2 °	0.16	0.68	0.66	723788.4	5021799.8	1754.2	200.1		

	Ma42	    -- -->  	 149.8 °	  10.8 °		0.78								  10.8 °	0.15	0.78	0.77	723788.6	5021799.8	1754.2	200.2		

	Ma42	   Ma43	 109.5 °	 -16.3 °		2.03					0.3	1.0	1.7	 -16.3 °	-0.57	2.03	1.95	723790.1	5021799.8	1753.5	201.4		

	Ma43	    -- -->  	 269.0 °	   7.8 °		0.36								   7.8 °	0.05	0.36	0.36	723789.7	5021799.8	1753.6	201.8		

	Ma43	    -- -->  	 229.4 °	   7.5 °		0.78								   7.5 °	0.10	0.78	0.77	723789.5	5021799.3	1753.6	202.2		

	Ma43	    -- -->  	 200.5 °	   5.5 °		0.58								   5.5 °	0.06	0.58	0.58	723789.9	5021799.2	1753.6	202.0		

	Ma43	    -- -->  	 212.0 °	 -84.1 °		1.71								 -84.1 °	-1.70	1.71	0.18	723790.0	5021799.6	1751.8	201.6		

	Ma43	    -- -->  	 206.6 °	  18.1 °		1.97								  18.1 °	0.61	1.97	1.87	723789.2	5021798.1	1754.1	203.3		

	Ma43	    -- -->  	 215.7 °	  18.4 °		3.25								  18.4 °	1.03	3.25	3.08	723788.3	5021797.3	1754.5	204.5		

	Ma43	   Ma44	 214.2 °	  18.3 °		3.25				0.3		3.2	2.5	  18.3 °	1.02	3.25	3.09	723788.3	5021797.2	1754.5	204.5		

	Ma44	    -- -->  	  77.7 °	  -6.2 °		0.34								  -6.2 °	-0.04	0.34	0.34	723788.7	5021797.3	1754.5	204.8		

	Ma44	    -- -->  	  56.9 °	  -2.1 °		0.94								  -2.1 °	-0.03	0.94	0.94	723789.1	5021797.7	1754.5	205.4		

	Ma44	    -- -->  	 348.1 °	 -10.7 °		0.57								 -10.7 °	-0.11	0.57	0.56	723788.2	5021797.8	1754.4	205.0		

	Ma44	    -- -->  	 188.7 °	  87.2 °		3.17								  87.2 °	3.17	3.17	0.15	723788.3	5021797.1	1757.7	204.6		

	Ma44	    -- -->  	 158.0 °	 -85.5 °		2.55								 -85.5 °	-2.54	2.55	0.20	723788.4	5021797.0	1752.0	204.7		

	Ma44	    -- -->  	 134.4 °	  21.6 °		1.17								  21.6 °	0.43	1.17	1.09	723789.1	5021796.5	1755.0	205.6		

	Ma44	   Ma45	 153.6 °	  26.5 °		1.60					0.5	0.1	0.1	  26.5 °	0.71	1.60	1.43	723788.9	5021795.9	1755.2	205.9		

	Ma45	    -- -->  	 291.3 °	  -9.7 °		0.53								  -9.7 °	-0.09	0.53	0.52	723788.5	5021796.1	1755.1	206.4		

	Ma45	    -- -->  	 264.6 °	 -11.7 °		0.64								 -11.7 °	-0.13	0.64	0.63	723788.3	5021795.9	1755.1	206.5		

	Ma45	    -- -->  	 208.5 °	  -7.0 °		0.33								  -7.0 °	-0.04	0.33	0.33	723788.8	5021795.6	1755.2	206.2		

	Ma45	    -- -->  	 263.4 °	   3.0 °		1.78								   3.0 °	0.09	1.78	1.78	723787.2	5021795.7	1755.3	207.7		

	Ma45	   Ma46	 263.9 °	   8.5 °		1.80				0.8		0.1	0.1	   8.5 °	0.27	1.80	1.78	723787.2	5021795.8	1755.5	207.7		

	Ma46	    -- -->  	 122.9 °	  11.0 °		0.47								  11.0 °	0.09	0.47	0.46	723787.6	5021795.5	1755.6	208.2		

	Ma46	    -- -->  	 111.3 °	  -2.9 °		0.77								  -2.9 °	-0.04	0.77	0.77	723787.9	5021795.5	1755.5	208.5		

	Ma46	    -- -->  	 211.1 °	  -9.3 °		0.42								  -9.3 °	-0.07	0.42	0.41	723787.0	5021795.4	1755.4	208.1		

	Ma46	    -- -->  	 170.9 °	  -3.9 °		0.82								  -3.9 °	-0.06	0.82	0.82	723787.3	5021795.0	1755.4	208.5		

	Ma46	    -- -->  	 146.8 °	  -4.0 °		1.69								  -4.0 °	-0.12	1.69	1.69	723788.1	5021794.3	1755.4	209.4		

	Ma46	   Ma47	 145.4 °	  -3.5 °		1.67					0.4	0.4	0.0	  -3.5 °	-0.10	1.67	1.67	723788.1	5021794.4	1755.4	209.4		

	Ma47	    -- -->  	 287.4 °	  10.3 °		0.45								  10.3 °	0.08	0.45	0.44	723787.7	5021794.5	1755.5	209.8		

	Ma47	    -- -->  	 196.5 °	  -3.5 °		0.43								  -3.5 °	-0.03	0.43	0.43	723788.0	5021794.0	1755.4	209.8		

	Ma47	    -- -->  	 232.9 °	  -0.9 °		0.97								  -0.9 °	-0.02	0.97	0.97	723787.3	5021793.8	1755.4	210.3		

	Ma47	    -- -->  	 347.6 °	  11.6 °		0.46								  11.6 °	0.09	0.46	0.45	723788.0	5021794.8	1755.5	209.8		

	Ma47	    -- -->  	 268.4 °	   8.4 °		1.41								   8.4 °	0.21	1.41	1.39	723786.7	5021794.4	1755.6	210.8		

	Ma47	    -- -->  	 253.9 °	  15.6 °		1.66								  15.6 °	0.45	1.66	1.60	723786.6	5021794.0	1755.8	211.0		

	Ma47	   Ma48	 254.1 °	  15.7 °		1.62				0.3		0.1	0.1	  15.7 °	0.44	1.62	1.56	723786.6	5021794.0	1755.8	210.9		

	Ma48	    -- -->  	 145.9 °	 -18.5 °		0.36								 -18.5 °	-0.11	0.36	0.34	723786.8	5021793.7	1755.7	211.3		

	Ma48	    -- -->  	  47.6 °	  -4.1 °		0.58								  -4.1 °	-0.04	0.58	0.58	723787.0	5021794.4	1755.8	211.5		

	Ma48	    -- -->  	 204.5 °	   9.7 °		0.51								   9.7 °	0.09	0.51	0.50	723786.4	5021793.5	1755.9	211.4		

	Ma48	    -- -->  	 170.6 °	   2.3 °		0.43								   2.3 °	0.02	0.43	0.43	723786.7	5021793.5	1755.9	211.3		

	Ma48	   Ma49	 186.9 °	  26.7 °		2.26					0.8	0.0	0.4	  26.7 °	1.02	2.26	2.02	723786.3	5021792.0	1756.9	212.9		

	Ma49	    -- -->  	 275.7 °	 -25.7 °		0.94								 -25.7 °	-0.41	0.94	0.85	723785.5	5021792.1	1756.4	213.8		

	Ma49	    -- -->  	 337.3 °	   4.4 °		0.25								   4.4 °	0.02	0.25	0.25	723786.2	5021792.2	1756.9	213.2		

	Ma49	    -- -->  	 255.1 °	 -19.5 °		0.94								 -19.5 °	-0.31	0.94	0.89	723785.5	5021791.8	1756.5	213.8		

	Ma49	    -- -->  	 212.6 °	 -10.5 °		0.31								 -10.5 °	-0.06	0.31	0.30	723786.2	5021791.7	1756.8	213.2		

	Ma49	   Ma50	 227.9 °	 -23.3 °		1.18				0.9		2.7	2.2	 -23.3 °	-0.47	1.18	1.08	723785.5	5021791.3	1756.4	214.0		

	Ma50	    -- -->  	  62.8 °	   0.2 °		0.58								   0.2 °	0.00	0.58	0.58	723786.0	5021791.5	1756.4	214.6		

	Ma50	    -- -->  	 348.7 °	  12.5 °		0.55								  12.5 °	0.12	0.55	0.54	723785.4	5021791.8	1756.5	214.6		

	Ma50	    -- -->  	 135.6 °	  82.4 °		2.72								  82.4 °	2.70	2.72	0.36	723785.8	5021791.0	1759.1	214.4		

	Ma50	    -- -->  	 116.6 °	 -85.1 °		2.24								 -85.1 °	-2.23	2.24	0.19	723785.7	5021791.2	1754.2	214.2		

	Ma50	    -- -->  	 131.1 °	  31.3 °		1.25								  31.3 °	0.65	1.25	1.07	723786.3	5021790.5	1757.0	215.1		

	Ma50	   Ma51	 147.1 °	  32.6 °		2.25					0.5	1.7	3.0	  32.6 °	1.21	2.25	1.90	723786.5	5021789.6	1757.6	215.9		 Pt marque en rose a 3m de l'eau

	Ma51	    -- -->  	 293.7 °	   4.0 °		0.51								   4.0 °	0.04	0.51	0.51	723786.1	5021789.9	1757.6	216.4		

	Ma51	    -- -->  	 345.0 °	   4.7 °		0.57								   4.7 °	0.05	0.57	0.57	723786.4	5021790.2	1757.6	216.5		

	Ma51	    -- -->  	 201.6 °	  -2.5 °		0.61								  -2.5 °	-0.03	0.61	0.61	723786.3	5021789.1	1757.6	216.5		

	Ma51	    -- -->  	 235.5 °	  -2.3 °		0.97								  -2.3 °	-0.04	0.97	0.97	723785.7	5021789.1	1757.6	216.9		

	Ma51	    -- -->  	 224.3 °	  -8.9 °		1.24								  -8.9 °	-0.19	1.24	1.23	723785.7	5021788.8	1757.4	217.1		

	Ma51	    -- -->  	  91.2 °	 -85.6 °		2.98								 -85.6 °	-2.97	2.98	0.23	723786.8	5021789.6	1754.6	216.1		

	Ma51	    -- -->  	 268.6 °	  82.4 °		1.72								  82.4 °	1.70	1.72	0.23	723786.3	5021789.6	1759.3	216.1		

	Ma51	   Ma52	 226.7 °	  -1.6 °		2.18				0.4		0.2	2.8	  -1.6 °	-0.06	2.18	2.18	723784.9	5021788.2	1757.5	218.1		

	Ma52	    -- -->  	  68.6 °	 -28.7 °		0.44								 -28.7 °	-0.21	0.44	0.39	723785.3	5021788.3	1757.3	218.5		

	Ma52	    -- -->  	 154.2 °	  -2.4 °		0.65								  -2.4 °	-0.03	0.65	0.65	723785.2	5021787.6	1757.5	218.7		

	Ma52	    -- -->  	 113.3 °	  -2.5 °		0.64								  -2.5 °	-0.03	0.64	0.64	723785.5	5021787.9	1757.5	218.7		

	Ma52	    -- -->  	 127.4 °	   8.4 °		1.28								   8.4 °	0.19	1.28	1.27	723785.9	5021787.4	1757.7	219.4		

	Ma52	    -- -->  	 227.3 °	 -86.9 °		2.84								 -86.9 °	-2.84	2.84	0.15	723784.8	5021788.1	1754.7	218.2		

	Ma52	   Ma53	 134.5 °	  11.1 °		2.69					0.5	0.1	0.0	  11.1 °	0.52	2.69	2.64	723786.8	5021786.3	1758.1	220.7		

	Ma53	    -- -->  	 257.0 °	  -4.0 °		0.53								  -4.0 °	-0.04	0.53	0.53	723786.3	5021786.2	1758.0	221.3		

	Ma53	    -- -->  	 180.0 °	  -2.5 °		0.41								  -2.5 °	-0.02	0.41	0.41	723786.8	5021785.9	1758.0	221.1		

	Ma53	    -- -->  	 225.0 °	   3.4 °		0.87								   3.4 °	0.05	0.87	0.87	723786.2	5021785.7	1758.1	221.6		

	Ma53	    -- -->  	 206.8 °	   7.1 °		0.91								   7.1 °	0.11	0.91	0.90	723786.4	5021785.5	1758.2	221.6		

	Ma53	   Ma54	 213.4 °	  10.0 °		1.80				0.3		2.1		  10.0 °	0.31	1.80	1.77	723785.8	5021784.8	1758.4	222.5		

	Ma54	    -- -->  	  69.7 °	  12.2 °		0.35								  12.2 °	0.07	0.35	0.34	723786.1	5021784.9	1758.4	222.9		

	Ma54	    -- -->  	 175.4 °	  77.8 °		2.13								  77.8 °	2.08	2.13	0.45	723785.8	5021784.4	1760.5	223.0		

	Ma54	    -- -->  	   4.0 °	   1.6 °		0.53								   1.6 °	0.01	0.53	0.53	723785.8	5021785.4	1758.4	223.0		

	Ma54	   Ma55	 160.5 °	  26.0 °		1.37					0.3	1.8	0.0	  26.0 °	0.60	1.37	1.23	723786.2	5021783.7	1759.0	223.7		

	Ma55	    -- -->  	 252.6 °	  -6.1 °		0.30								  -6.1 °	-0.03	0.30	0.30	723785.9	5021783.6	1758.9	224.0		

	Ma55	    -- -->  	 198.0 °	  88.3 °		1.85								  88.3 °	1.85	1.85	0.05	723786.2	5021783.6	1760.8	223.8		

	Ma55	   Ma56	 193.0 °	 -22.5 °		0.92				0.3		0.1		 -22.5 °	-0.35	0.92	0.85	723786.0	5021782.8	1758.6	224.6		

	Ma56	    -- -->  	  40.9 °	  21.5 °		0.39								  21.5 °	0.14	0.39	0.36	723786.2	5021783.1	1758.8	225.0		

	Ma56	    -- -->  	  91.4 °	   8.9 °		0.78								   8.9 °	0.12	0.78	0.77	723786.8	5021782.8	1758.7	225.4		

	Ma56	    -- -->  	 130.5 °	   5.6 °		0.45								   5.6 °	0.04	0.45	0.45	723786.3	5021782.5	1758.7	225.0		

	Ma56	   Ma57	 116.5 °	   0.5 °		1.56					0.5		2.4	   0.5 °	0.01	1.56	1.56	723787.4	5021782.1	1758.6	226.1		

	Ma57	    -- -->  	 259.9 °	 -16.1 °		0.50								 -16.1 °	-0.14	0.50	0.48	723786.9	5021782.0	1758.5	226.6		

	Ma57	    -- -->  	 283.3 °	 -11.4 °		0.24								 -11.4 °	-0.05	0.24	0.24	723787.2	5021782.2	1758.6	226.4		

	Ma57	    -- -->  	 233.5 °	 -15.1 °		0.83								 -15.1 °	-0.22	0.83	0.80	723786.7	5021781.7	1758.4	227.0		

	Ma57	    -- -->  	 196.5 °	 -16.7 °		0.70								 -16.7 °	-0.20	0.70	0.67	723787.2	5021781.5	1758.4	226.8		

	Ma57	    -- -->  	 211.4 °	 -13.9 °		1.40								 -13.9 °	-0.34	1.40	1.36	723786.7	5021781.0	1758.3	227.5		

	Ma57	    -- -->  	 102.8 °	 -76.4 °		2.43								 -76.4 °	-2.36	2.43	0.57	723787.9	5021782.0	1756.3	226.7		

	Ma57	   Ma58	 225.9 °	 -26.2 °		3.40				1.0		0.5		 -26.2 °	-1.50	3.40	3.05	723785.2	5021780.0	1757.1	229.2		

	Ma58	    -- -->  	 333.9 °	  13.1 °		0.58								  13.1 °	0.13	0.58	0.56	723784.9	5021780.5	1757.3	229.8		

	Ma58	    -- -->  	   0.6 °	  15.1 °		0.36								  15.1 °	0.09	0.36	0.35	723785.2	5021780.4	1757.2	229.5		

	Ma58	    -- -->  	  59.6 °	   9.3 °		0.46								   9.3 °	0.07	0.46	0.45	723785.6	5021780.3	1757.2	229.7		

	Ma58	    -- -->  	 133.2 °	   5.5 °		0.98								   5.5 °	0.09	0.98	0.98	723785.9	5021779.4	1757.2	230.2		

	Ma58	    -- -->  	 110.6 °	  27.3 °		1.17								  27.3 °	0.54	1.17	1.04	723786.1	5021779.7	1757.7	230.2		

	Ma58	   Ma59	 128.5 °	  22.3 °		2.10					0.3		1.3	  22.3 °	0.80	2.10	1.94	723786.7	5021778.8	1757.9	231.1		

	Ma59	    -- -->  	 264.3 °	  -5.5 °		0.29								  -5.5 °	-0.03	0.29	0.29	723786.4	5021778.8	1757.9	231.4		

	Ma59	    -- -->  	 187.7 °	  -6.4 °		0.58								  -6.4 °	-0.06	0.58	0.58	723786.6	5021778.2	1757.9	231.7		

	Ma59	    -- -->  	 228.5 °	  -1.1 °		0.33								  -1.1 °	-0.01	0.33	0.33	723786.4	5021778.6	1757.9	231.5		

	Ma59	    -- -->  	 128.0 °	 -84.1 °		1.26								 -84.1 °	-1.25	1.26	0.13	723786.8	5021778.7	1756.7	231.3		

	Ma59	   Ma60	 205.0 °	   4.7 °		1.26					0.3	0.2		   4.7 °	0.10	1.26	1.26	723786.1	5021777.7	1758.0	232.4		

	Ma60	    -- -->  	 334.4 °	   8.4 °		0.37								   8.4 °	0.05	0.37	0.37	723786.0	5021778.0	1758.1	232.8		

	Ma60	    -- -->  	 266.5 °	   9.8 °		0.89								   9.8 °	0.15	0.89	0.88	723785.3	5021777.6	1758.2	233.3		

	Ma60	    -- -->  	 352.4 °	   5.5 °		0.47								   5.5 °	0.05	0.47	0.47	723786.1	5021778.1	1758.1	232.9		

	Ma60	   Ma61	 225.3 °	  56.5 °		2.01				0.4			0.1	  56.5 °	1.68	2.01	1.11	723785.3	5021776.9	1759.7	233.5		

	Ma61	    -- -->  	 111.8 °	  -2.7 °		0.43								  -2.7 °	-0.02	0.43	0.43	723785.7	5021776.7	1759.7	233.9		

	Ma61	    -- -->  	 138.3 °	  -6.6 °		0.54								  -6.6 °	-0.06	0.54	0.54	723785.7	5021776.5	1759.6	234.0		

	Ma61	    -- -->  	 196.5 °	  -2.9 °		0.47								  -2.9 °	-0.02	0.47	0.47	723785.2	5021776.5	1759.7	234.0		

	Ma61	   Ma62	 158.9 °	   1.9 °		1.11				0.4		0.0	0.0	   1.9 °	0.04	1.11	1.11	723785.7	5021775.9	1759.7	234.6		

	Ma62	    -- -->  	  23.4 °	  -1.4 °		0.40								  -1.4 °	-0.01	0.40	0.40	723785.9	5021776.2	1759.7	235.0		

	Ma62	    -- -->  	  79.2 °	  -1.0 °		0.44								  -1.0 °	-0.01	0.44	0.44	723786.2	5021775.9	1759.7	235.1		

	Ma62	    -- -->  	  43.1 °	   1.9 °		1.20								   1.9 °	0.04	1.20	1.20	723786.5	5021776.7	1759.8	235.8		

	Ma62	   Ma63	  57.0 °	   8.5 °		1.73					0.4	0.0	0.1	   8.5 °	0.26	1.73	1.71	723787.2	5021776.8	1760.0	236.3		

	Ma63	    -- -->  	 175.9 °	  -8.6 °		0.40								  -8.6 °	-0.06	0.40	0.40	723787.2	5021776.4	1759.9	236.7		

	Ma63	    -- -->  	 135.0 °	   0.1 °		0.49								   0.1 °	0.00	0.49	0.49	723787.5	5021776.4	1760.0	236.8		

	Ma63	    -- -->  	 101.2 °	   1.6 °		0.69								   1.6 °	0.02	0.69	0.69	723787.8	5021776.6	1760.0	237.0		

	Ma63	   Ma64	 112.5 °	  10.1 °		1.05					0.4	0.1	0.0	  10.1 °	0.18	1.05	1.03	723788.1	5021776.4	1760.2	237.4		

	Ma64	    -- -->  	 251.0 °	   9.5 °		0.38								   9.5 °	0.06	0.38	0.37	723787.8	5021776.3	1760.2	237.7		

	Ma64	    -- -->  	 225.5 °	  -2.0 °		0.70								  -2.0 °	-0.02	0.70	0.70	723787.6	5021775.9	1760.2	238.1		

	Ma64	    -- -->  	 181.5 °	  -0.4 °		0.45								  -0.4 °	-0.00	0.45	0.45	723788.1	5021775.9	1760.2	237.8		

	Ma64	   Ma65	 198.2 °	  -4.1 °		1.96				0.6	0.4	2.3	2.0	  -4.1 °	-0.14	1.96	1.95	723787.5	5021774.5	1760.0	239.3		

	Ma65	    -- -->  	 357.1 °	   0.6 °		1.10								   0.6 °	0.01	1.10	1.10	723787.4	5021775.6	1760.1	240.4		

	Ma65	    -- -->  	 324.9 °	  -0.8 °		0.83								  -0.8 °	-0.01	0.83	0.83	723787.0	5021775.2	1760.0	240.1		

	Ma65	    -- -->  	 304.3 °	  -1.6 °		0.38								  -1.6 °	-0.01	0.38	0.38	723787.2	5021774.7	1760.0	239.7		

	Ma65	    -- -->  	  59.3 °	  17.5 °		0.69								  17.5 °	0.21	0.69	0.66	723788.1	5021774.8	1760.3	240.0		

	Ma65	    -- -->  	 103.1 °	  11.2 °		0.64								  11.2 °	0.12	0.64	0.63	723788.1	5021774.4	1760.2	239.9		

	Ma65	    -- -->  	 169.1 °	  -8.7 °		0.61								  -8.7 °	-0.09	0.61	0.60	723787.6	5021773.9	1760.0	239.9		

	Ma65	    -- -->  	 192.3 °	 -15.3 °		0.56								 -15.3 °	-0.15	0.56	0.54	723787.4	5021774.0	1759.9	239.9		

	Ma65	    -- -->  	 244.4 °	  -5.5 °		0.54								  -5.5 °	-0.05	0.54	0.54	723787.0	5021774.3	1760.0	239.9		

	Ma65	    -- -->  	 224.4 °	  -8.0 °		0.99								  -8.0 °	-0.14	0.99	0.98	723786.8	5021773.8	1759.9	240.3		

	Ma65	    -- -->  	 182.3 °	 -82.0 °		2.06								 -82.0 °	-2.04	2.06	0.29	723787.5	5021774.2	1758.0	239.6		

	Ma65	    -- -->  	 131.9 °	  84.9 °		2.27								  84.9 °	2.26	2.27	0.20	723787.6	5021774.4	1762.3	239.5		

	Ma65	    -- -->  	 207.6 °	  -4.7 °		1.24								  -4.7 °	-0.10	1.24	1.24	723786.9	5021773.4	1759.9	240.6		

	Ma65	   Ma66	 207.7 °	  -3.3 °		1.25				0.3		0.1	0.1	  -3.3 °	-0.07	1.25	1.25	723786.9	5021773.4	1760.0	240.6		

	Ma66	    -- -->  	 348.6 °	  -5.9 °		0.49								  -5.9 °	-0.05	0.49	0.49	723786.8	5021773.9	1759.9	241.1		

	Ma66	    -- -->  	  85.1 °	  -1.7 °		0.37								  -1.7 °	-0.01	0.37	0.37	723787.3	5021773.4	1760.0	240.9		

	Ma66	    -- -->  	 155.7 °	   8.8 °		0.89								   8.8 °	0.14	0.89	0.88	723787.2	5021772.6	1760.1	241.4		

	Ma66	    -- -->  	 239.7 °	   3.5 °		0.88								   3.5 °	0.05	0.88	0.88	723786.1	5021773.0	1760.0	241.4		

	Ma66	   Ma67	 200.6 °	  12.5 °		1.24				0.6	0.4	0.1	0.0	  12.5 °	0.27	1.24	1.21	723786.5	5021772.3	1760.2	241.8		

	Ma67	    -- -->  	 263.1 °	  -0.3 °		0.42								  -0.3 °	-0.00	0.42	0.42	723786.0	5021772.2	1760.2	242.2		

	Ma67	    -- -->  	 309.6 °	   3.1 °		0.59								   3.1 °	0.03	0.59	0.59	723786.0	5021772.7	1760.3	242.4		

	Ma67	    -- -->  	 215.3 °	  13.5 °		0.36								  13.5 °	0.08	0.36	0.35	723786.2	5021772.0	1760.3	242.1		

	Ma67	    -- -->  	  72.7 °	   7.9 °		0.58								   7.9 °	0.08	0.58	0.57	723787.0	5021772.5	1760.3	242.4		

	Ma67	    -- -->  	 112.4 °	   9.7 °		0.56								   9.7 °	0.09	0.56	0.55	723787.0	5021772.1	1760.3	242.3		

	Ma67	    -- -->  	 146.7 °	  14.2 °		0.44								  14.2 °	0.11	0.44	0.43	723786.7	5021771.9	1760.3	242.2		

	Ma67	    -- -->  	 256.2 °	   9.3 °		0.39								   9.3 °	0.06	0.39	0.38	723786.1	5021772.2	1760.3	242.2		

	Ma67	   Ma68	 126.3 °	  24.3 °		1.05					0.4	0.2	0.0	  24.3 °	0.43	1.05	0.96	723787.2	5021771.7	1760.7	242.7		

	Ma68	    -- -->  	 265.1 °	  -2.0 °		0.38								  -2.0 °	-0.01	0.38	0.38	723786.8	5021771.7	1760.7	243.1		

	Ma68	    -- -->  	 233.5 °	   4.3 °		0.76								   4.3 °	0.06	0.76	0.76	723786.6	5021771.3	1760.7	243.5		

	Ma68	    -- -->  	 163.1 °	  12.2 °		0.61								  12.2 °	0.13	0.61	0.60	723787.4	5021771.1	1760.8	243.3		

	Ma68	    -- -->  	 192.6 °	   7.7 °		1.08								   7.7 °	0.14	1.08	1.07	723787.0	5021770.7	1760.8	243.8		

	Ma68	    -- -->  	 206.2 °	   6.9 °		1.53								   6.9 °	0.18	1.53	1.52	723786.5	5021770.4	1760.9	244.3		

	Ma68	    -- -->  	 223.2 °	  17.3 °		0.78								  17.3 °	0.23	0.78	0.74	723786.7	5021771.2	1760.9	243.5		

	Ma68	   Ma69	 192.7 °	  13.8 °		1.99				0.3		0.3	3.1	  13.8 °	0.47	1.99	1.93	723786.8	5021769.8	1761.1	244.7		

	Ma69	    -- -->  	  58.3 °	   3.7 °		0.35								   3.7 °	0.02	0.35	0.35	723787.1	5021770.0	1761.2	245.0		

	Ma69	    -- -->  	 116.9 °	  20.3 °		0.74								  20.3 °	0.26	0.74	0.69	723787.4	5021769.5	1761.4	245.4		

	Ma69	    -- -->  	 170.3 °	   6.9 °		0.65								   6.9 °	0.08	0.65	0.65	723786.9	5021769.2	1761.2	245.3		

	Ma69	    -- -->  	  92.1 °	 -88.0 °		3.12								 -88.0 °	-3.12	3.12	0.11	723786.9	5021769.8	1758.0	244.8		

	Ma69	    -- -->  	 145.8 °	  14.2 °		1.56								  14.2 °	0.38	1.56	1.51	723787.6	5021768.6	1761.5	246.2		

	Ma69	   Ma70	 154.1 °	  19.0 °		1.98					0.4	0.1	0.0	  19.0 °	0.64	1.98	1.87	723787.6	5021768.1	1761.8	246.5		

	Ma70	    -- -->  	 324.0 °	  -4.1 °		0.37								  -4.1 °	-0.03	0.37	0.37	723787.4	5021768.4	1761.8	246.9		

	Ma70	    -- -->  	 220.6 °	   8.3 °		0.74								   8.3 °	0.11	0.74	0.73	723787.1	5021767.6	1761.9	247.3		

	Ma70	    -- -->  	 270.0 °	  -0.1 °		0.80								  -0.1 °	-0.00	0.80	0.80	723786.8	5021768.2	1761.8	247.3		

	Ma70	    -- -->  	 291.1 °	   2.1 °		1.17								   2.1 °	0.04	1.17	1.17	723786.5	5021768.6	1761.8	247.7		

	Ma70	   Ma71	 293.3 °	   3.5 °		1.21				0.3	0.4	1.7	0.1	   3.5 °	0.07	1.21	1.21	723786.5	5021768.6	1761.9	247.7		

	Ma71	    -- -->  	 293.8 °	   1.6 °		1.20								   1.6 °	0.03	1.20	1.20	723785.4	5021769.1	1761.9	248.9		

	Ma71	    -- -->  	 352.3 °	   0.8 °		0.36								   0.8 °	0.01	0.36	0.36	723786.4	5021769.0	1761.9	248.1		

	Ma71	    -- -->  	  63.0 °	   9.1 °		0.37								   9.1 °	0.06	0.37	0.37	723786.8	5021768.8	1761.9	248.1		

	Ma71	    -- -->  	 258.6 °	 -20.3 °		0.36								 -20.3 °	-0.12	0.36	0.34	723786.1	5021768.6	1761.7	248.1		

	Ma71	    -- -->  	 179.2 °	  18.1 °		0.38								  18.1 °	0.12	0.38	0.36	723786.5	5021768.3	1762.0	248.1		

	Ma71	    -- -->  	 190.2 °	  10.3 °		1.19								  10.3 °	0.21	1.19	1.17	723786.2	5021767.5	1762.1	248.9		

	Ma71	    -- -->  	 202.1 °	   6.8 °		1.50								   6.8 °	0.18	1.50	1.49	723785.9	5021767.3	1762.0	249.2		

	Ma71	    -- -->  	 241.8 °	  78.7 °		1.71								  78.7 °	1.68	1.71	0.34	723786.2	5021768.5	1763.5	248.1		

	Ma71	   Ma72	 209.1 °	   2.4 °		1.72					0.4	0.1	0.0	   2.4 °	0.07	1.72	1.72	723785.6	5021767.1	1761.9	249.5		

	Ma72	    -- -->  	 334.2 °	  16.4 °		0.44								  16.4 °	0.12	0.44	0.42	723785.4	5021767.5	1762.1	249.9		

	Ma72	    -- -->  	  59.0 °	  -2.6 °		0.50								  -2.6 °	-0.02	0.50	0.50	723786.0	5021767.4	1761.9	250.0		

	Ma72	    -- -->  	  13.0 °	   3.9 °		0.72								   3.9 °	0.05	0.72	0.72	723785.8	5021767.8	1762.0	250.2		

	Ma72	    -- -->  	 230.7 °	  -0.6 °		0.45								  -0.6 °	-0.00	0.45	0.45	723785.3	5021766.9	1761.9	249.9		

	Ma72	    -- -->  	 252.2 °	   2.7 °		0.83								   2.7 °	0.04	0.83	0.83	723784.8	5021766.9	1762.0	250.3		

	Ma72	   Ma73	 233.0 °	  15.3 °		1.50				0.4		2.1	2.9	  15.3 °	0.40	1.50	1.45	723784.4	5021766.3	1762.3	250.9		 pt marqu� rose dans zone boueuse

	Ma73	    -- -->  	  83.2 °	  -0.8 °		0.42								  -0.8 °	-0.01	0.42	0.42	723784.9	5021766.3	1762.3	251.3		

	Ma73	    -- -->  	 115.9 °	  -4.5 °		0.48								  -4.5 °	-0.04	0.48	0.48	723784.9	5021766.1	1762.3	251.4		

	Ma73	    -- -->  	 188.3 °	  -4.2 °		0.50								  -4.2 °	-0.04	0.50	0.50	723784.4	5021765.8	1762.3	251.4		

	Ma73	    -- -->  	 164.6 °	  -2.0 °		1.03								  -2.0 °	-0.04	1.03	1.03	723784.7	5021765.3	1762.3	251.9		

	Ma73	    -- -->  	 211.3 °	 -85.4 °		2.86								 -85.4 °	-2.85	2.86	0.23	723784.3	5021766.1	1759.5	251.1		

	Ma73	    -- -->  	 133.2 °	  78.2 °		2.10								  78.2 °	2.06	2.10	0.43	723784.8	5021766.0	1764.4	251.3		

	Ma73	   Ma74	 121.8 °	  -6.9 °		3.32					0.8	0.2		  -6.9 °	-0.40	3.32	3.30	723787.2	5021764.5	1761.9	254.2		

	Ma74	    -- -->  	 261.5 °	  10.6 °		0.81								  10.6 °	0.15	0.81	0.80	723786.4	5021764.4	1762.1	255.0		

	Ma74	    -- -->  	 233.5 °	  13.0 °		0.87								  13.0 °	0.20	0.87	0.85	723786.5	5021764.0	1762.1	255.1		

	Ma74	    -- -->  	 193.3 °	   5.7 °		0.58								   5.7 °	0.06	0.58	0.58	723787.1	5021764.0	1762.0	254.8		

	Ma74	    -- -->  	 206.8 °	   6.1 °		1.20								   6.1 °	0.13	1.20	1.19	723786.7	5021763.5	1762.1	255.4		

	Ma74	   Ma75	 220.5 °	  31.6 °		1.83					0.4	0.1	0.0	  31.6 °	0.96	1.83	1.56	723786.2	5021763.3	1762.9	255.8		

	Ma75	    -- -->  	 341.3 °	  10.6 °		0.37								  10.6 °	0.07	0.37	0.36	723786.1	5021763.7	1763.0	256.1		

	Ma75	    -- -->  	 296.4 °	   8.3 °		0.97								   8.3 °	0.14	0.97	0.96	723785.3	5021763.8	1763.0	256.7		

	Ma75	    -- -->  	 249.8 °	   3.6 °		0.60								   3.6 °	0.04	0.60	0.60	723785.6	5021763.1	1762.9	256.4		

	Ma75	    -- -->  	 267.9 °	  -2.0 °		1.35								  -2.0 °	-0.05	1.35	1.35	723784.9	5021763.3	1762.8	257.1		

	Ma75	    -- -->  	 281.2 °	  -1.4 °		2.16								  -1.4 °	-0.05	2.16	2.16	723784.1	5021763.8	1762.8	257.9		

	Ma75	   Ma76	 281.7 °	  19.9 °		3.21				0.6			0.4	  19.9 °	1.09	3.21	3.02	723783.3	5021764.0	1764.0	258.8		

	Ma76	    -- -->  	 108.0 °	 -25.7 °		0.95								 -25.7 °	-0.41	0.95	0.86	723784.1	5021763.7	1763.6	259.6		

	Ma76	    -- -->  	 123.9 °	 -33.7 °		0.76								 -33.7 °	-0.42	0.76	0.63	723783.8	5021763.6	1763.6	259.4		

	Ma76	    -- -->  	 195.4 °	 -26.3 °		0.65								 -26.3 °	-0.29	0.65	0.58	723783.1	5021763.4	1763.7	259.4		

	Ma76	    -- -->  	 158.2 °	 -31.4 °		0.84								 -31.4 °	-0.44	0.84	0.72	723783.5	5021763.3	1763.5	259.5		

	Ma76	    -- -->  	 144.1 °	 -17.4 °		1.61								 -17.4 °	-0.48	1.61	1.54	723784.1	5021762.7	1763.5	260.3		

	Ma76	   Ma77	 154.3 °	  -2.1 °		2.24					0.3	0.1	0.1	  -2.1 °	-0.08	2.24	2.24	723784.2	5021762.0	1763.9	261.0		

	Ma77	    -- -->  	 280.9 °	 -12.8 °		0.31								 -12.8 °	-0.07	0.31	0.30	723783.9	5021762.0	1763.8	261.3		

	Ma77	    -- -->  	 229.8 °	  -3.8 °		0.43								  -3.8 °	-0.03	0.43	0.43	723783.9	5021761.7	1763.9	261.5		

	Ma77	    -- -->  	 183.0 °	   5.5 °		0.54								   5.5 °	0.05	0.54	0.54	723784.2	5021761.4	1764.0	261.6		

	Ma77	   Ma78	 222.6 °	  -1.2 °		0.96					0.5		0.0	  -1.2 °	-0.02	0.96	0.96	723783.5	5021761.3	1763.9	262.0		

	Ma78	    -- -->  	  24.9 °	  -1.6 °		0.37								  -1.6 °	-0.01	0.37	0.37	723783.7	5021761.6	1763.9	262.4		

	Ma78	    -- -->  	 339.0 °	  -2.9 °		0.52								  -2.9 °	-0.03	0.52	0.52	723783.4	5021761.7	1763.9	262.5		

	Ma78	    -- -->  	 295.3 °	  -5.1 °		0.46								  -5.1 °	-0.04	0.46	0.46	723783.1	5021761.5	1763.8	262.4		

	Ma78	   Ma79	 300.1 °	  41.1 °		1.46				0.3		0.1	0.1	  41.1 °	0.96	1.46	1.10	723782.6	5021761.8	1764.8	263.1		

	Ma79	    -- -->  	 187.2 °	 -17.9 °		0.37								 -17.9 °	-0.11	0.37	0.35	723782.5	5021761.5	1764.7	263.4		

	Ma79	    -- -->  	 106.3 °	  10.2 °		0.50								  10.2 °	0.09	0.50	0.49	723783.1	5021761.7	1764.9	263.6		

	Ma79	    -- -->  	 217.6 °	 -10.7 °		0.56								 -10.7 °	-0.10	0.56	0.55	723782.3	5021761.4	1764.7	263.6		

	Ma79	    -- -->  	 262.4 °	 -10.6 °		0.99								 -10.6 °	-0.18	0.99	0.97	723781.6	5021761.7	1764.7	264.1		

	Ma79	   Ma80	 236.7 °	  -8.1 °		1.89				0.3		0.1		  -8.1 °	-0.27	1.89	1.87	723781.0	5021760.8	1764.6	265.0		

	Ma80	    -- -->  	 108.6 °	   8.8 °		0.33								   8.8 °	0.05	0.33	0.33	723781.3	5021760.7	1764.6	265.3		

	Ma80	    -- -->  	 179.0 °	   3.7 °		0.76								   3.7 °	0.05	0.76	0.76	723781.0	5021760.1	1764.6	265.7		

	Ma80	    -- -->  	 206.7 °	   5.5 °		0.63								   5.5 °	0.06	0.63	0.63	723780.7	5021760.3	1764.6	265.6		

	Ma80	   Ma81	 198.8 °	  10.1 °		2.41					0.4	0.0	0.1	  10.1 °	0.42	2.41	2.37	723780.2	5021758.6	1765.0	267.3		

	Ma81	    -- -->  	 332.8 °	  -2.1 °		0.40								  -2.1 °	-0.01	0.40	0.40	723780.1	5021758.9	1765.0	267.7		

	Ma81	    -- -->  	 311.1 °	  -8.9 °		0.59								  -8.9 °	-0.09	0.59	0.58	723779.8	5021759.0	1764.9	267.9		

	Ma81	    -- -->  	 303.5 °	 -10.6 °		0.72								 -10.6 °	-0.13	0.72	0.71	723779.6	5021759.0	1764.9	268.0		

	Ma81	    -- -->  	 245.2 °	  -7.4 °		0.46								  -7.4 °	-0.06	0.46	0.46	723779.8	5021758.4	1764.9	267.8		

	Ma81	    -- -->  	 283.1 °	  -7.3 °		1.36								  -7.3 °	-0.17	1.36	1.35	723778.9	5021758.9	1764.8	268.7		

	Ma81	    -- -->  	 281.6 °	   1.9 °		1.17								   1.9 °	0.04	1.17	1.17	723779.1	5021758.8	1765.0	268.5		

	Ma81	    -- -->  	 281.1 °	   2.4 °		1.12								   2.4 °	0.05	1.12	1.12	723779.1	5021758.8	1765.0	268.4		

	Ma81	   Ma82	 281.3 °	   2.0 °		1.18					0.3	0.0	0.3	   2.0 °	0.04	1.18	1.18	723779.1	5021758.8	1765.0	268.5		

	Ma82	    -- -->  	  32.5 °	   2.4 °		0.35								   2.4 °	0.01	0.35	0.35	723779.3	5021759.1	1765.1	268.9		

	Ma82	    -- -->  	 342.1 °	  -5.9 °		0.50								  -5.9 °	-0.05	0.50	0.50	723778.9	5021759.3	1765.0	269.0		

	Ma82	    -- -->  	 291.9 °	 -17.8 °		0.88								 -17.8 °	-0.27	0.88	0.84	723778.3	5021759.1	1764.8	269.3		

	Ma82	   Ma83	 309.4 °	  -4.5 °		1.96				0.3		0.0	0.3	  -4.5 °	-0.15	1.96	1.95	723777.6	5021760.1	1764.9	270.5		

	Ma83	    -- -->  	 157.4 °	  -1.5 °		0.30								  -1.5 °	-0.01	0.30	0.30	723777.7	5021759.8	1764.9	270.8		

	Ma83	    -- -->  	 182.2 °	   3.0 °		0.36								   3.0 °	0.02	0.36	0.36	723777.6	5021759.7	1764.9	270.8		

	Ma83	    -- -->  	 231.0 °	   0.5 °		0.48								   0.5 °	0.00	0.48	0.48	723777.2	5021759.8	1764.9	270.9		

	Ma83	    -- -->  	 213.3 °	   0.1 °		0.99								   0.1 °	0.00	0.99	0.99	723777.0	5021759.3	1764.9	271.4		

	Ma83	    -- -->  	 198.6 °	  -9.4 °		1.90								  -9.4 °	-0.31	1.90	1.87	723777.0	5021758.3	1764.6	272.3		

	Ma83	   Ma84	 189.4 °	  -5.6 °		2.47					0.3	0.1	0.0	  -5.6 °	-0.24	2.47	2.46	723777.2	5021757.7	1764.6	272.9		

	Ma84	    -- -->  	 302.6 °	  -1.8 °		0.31								  -1.8 °	-0.01	0.31	0.31	723776.9	5021757.8	1764.6	273.2		

	Ma84	    -- -->  	 239.2 °	   6.0 °		0.69								   6.0 °	0.07	0.69	0.69	723776.6	5021757.3	1764.7	273.6		

	Ma84	    -- -->  	 211.3 °	   4.9 °		0.79								   4.9 °	0.07	0.79	0.79	723776.7	5021757.0	1764.7	273.7		

	Ma84	   Ma85	 214.1 °	  25.1 °		2.21				0.4		0.0	0.0	  25.1 °	0.94	2.21	2.00	723776.0	5021756.0	1765.6	274.9		

	Ma85	    -- -->  	  75.4 °	  -2.7 °		0.44								  -2.7 °	-0.02	0.44	0.44	723776.4	5021756.1	1765.6	275.4		

	Ma85	    -- -->  	 114.3 °	   0.6 °		0.48								   0.6 °	0.01	0.48	0.48	723776.4	5021755.8	1765.6	275.4		

	Ma85	    -- -->  	 167.5 °	   2.2 °		0.60								   2.2 °	0.02	0.60	0.60	723776.1	5021755.4	1765.6	275.5		

	Ma85	    -- -->  	 152.7 °	  -2.3 °		1.37								  -2.3 °	-0.05	1.37	1.37	723776.6	5021754.8	1765.5	276.3		

	Ma85	    -- -->  	 137.4 °	  -1.0 °		1.52								  -1.0 °	-0.03	1.52	1.52	723777.0	5021754.9	1765.6	276.4		

	Ma85	   Ma86	 146.8 °	   0.7 °		2.42					0.3	0.0	0.1	   0.7 °	0.03	2.42	2.42	723777.3	5021754.0	1765.6	277.3		

	Ma86	    -- -->  	 278.5 °	  -9.4 °		0.34								  -9.4 °	-0.06	0.34	0.34	723777.0	5021754.0	1765.6	277.7		

	Ma86	    -- -->  	 220.4 °	  -6.6 °		0.72								  -6.6 °	-0.08	0.72	0.72	723776.8	5021753.4	1765.5	278.1		

	Ma86	    -- -->  	 193.8 °	   0.2 °		0.64								   0.2 °	0.00	0.64	0.64	723777.2	5021753.4	1765.6	278.0		

	Ma86	    -- -->  	 213.8 °	  -0.6 °		1.22								  -0.6 °	-0.01	1.22	1.22	723776.6	5021753.0	1765.6	278.6		

	Ma86	   Ma87	 208.9 °	   5.0 °		1.51				0.3		0.2		   5.0 °	0.13	1.51	1.50	723776.6	5021752.7	1765.7	278.8		

	Ma87	    -- -->  	 210.0 °	   5.3 °		1.45								   5.3 °	0.13	1.45	1.44	723775.8	5021751.4	1765.9	280.3		

	Ma87	    -- -->  	 209.5 °	   5.1 °		1.51								   5.1 °	0.13	1.51	1.50	723775.8	5021751.4	1765.9	280.3		

	Ma87	    -- -->  	  99.5 °	  10.3 °		0.31								  10.3 °	0.06	0.31	0.31	723776.9	5021752.6	1765.8	279.1		

	Ma87	    -- -->  	 147.7 °	  11.1 °		0.97								  11.1 °	0.19	0.97	0.95	723777.1	5021751.9	1765.9	279.8		

	Ma87	   Ma88	 159.6 °	   3.9 °		1.47					0.3		0.0	   3.9 °	0.10	1.47	1.47	723777.1	5021751.3	1765.8	280.3		

	Ma88	    -- -->  	 287.1 °	  -4.7 °		0.34								  -4.7 °	-0.03	0.34	0.34	723776.7	5021751.4	1765.8	280.6		

	Ma88	    -- -->  	 223.4 °	  -4.4 °		0.66								  -4.4 °	-0.05	0.66	0.66	723776.6	5021750.8	1765.8	281.0		

	Ma88	    -- -->  	 186.5 °	  -3.5 °		0.51								  -3.5 °	-0.03	0.51	0.51	723777.0	5021750.8	1765.8	280.8		

	Ma88	   Ma89	 199.7 °	   4.9 °		1.44				0.1		0.1	0.0	   4.9 °	0.12	1.44	1.43	723776.6	5021749.9	1766.0	281.7		

	Ma89	    -- -->  	  94.4 °	   8.9 °		0.15								   8.9 °	0.02	0.15	0.15	723776.7	5021749.9	1766.0	281.9		

	Ma89	    -- -->  	 149.4 °	   4.9 °		0.61								   4.9 °	0.05	0.61	0.61	723776.9	5021749.4	1766.0	282.4		

	Ma89	    -- -->  	  50.4 °	  13.4 °		0.31								  13.4 °	0.07	0.31	0.30	723776.8	5021750.1	1766.0	282.0		

	Ma89	    -- -->  	 177.9 °	  -0.4 °		0.51								  -0.4 °	-0.00	0.51	0.51	723776.6	5021749.4	1766.0	282.3		

	Ma89	   Ma90	 172.8 °	  -7.9 °		1.14					0.3		0.1	  -7.9 °	-0.16	1.14	1.13	723776.7	5021748.8	1765.8	282.9		

	Ma90	    -- -->  	 317.9 °	  -0.8 °		0.33								  -0.8 °	-0.00	0.33	0.33	723776.5	5021749.1	1765.8	283.2		

	Ma90	    -- -->  	 250.8 °	  -5.4 °		0.60								  -5.4 °	-0.06	0.60	0.60	723776.1	5021748.6	1765.8	283.5		

	Ma90	   Ma91	 221.4 °	   1.6 °		0.89				0.3		0.1	0.0	   1.6 °	0.02	0.89	0.89	723776.1	5021748.2	1765.8	283.8		

	Ma91	    -- -->  	  98.6 °	  -0.7 °		0.27								  -0.7 °	-0.00	0.27	0.27	723776.4	5021748.1	1765.8	284.0		

	Ma91	    -- -->  	 153.5 °	   4.5 °		0.41								   4.5 °	0.03	0.41	0.41	723776.3	5021747.8	1765.9	284.2		

	Ma91	    -- -->  	 183.0 °	   5.7 °		0.67								   5.7 °	0.07	0.67	0.67	723776.1	5021747.5	1765.9	284.4		

	Ma91	   Ma92	 166.2 °	  13.2 °		2.47				0.4		3.4	2.3	  13.2 °	0.56	2.47	2.40	723776.6	5021745.8	1766.4	286.2		

	Ma92	    -- -->  	  59.9 °	  -0.2 °		0.45								  -0.2 °	-0.00	0.45	0.45	723777.0	5021746.0	1766.4	286.6		

	Ma92	    -- -->  	  10.9 °	  -7.1 °		0.56								  -7.1 °	-0.07	0.56	0.56	723776.8	5021746.4	1766.3	286.7		

	Ma92	    -- -->  	  32.0 °	 -83.7 °		2.35								 -83.7 °	-2.34	2.35	0.26	723776.8	5021746.0	1764.1	286.4		

	Ma92	    -- -->  	 317.1 °	  80.6 °		3.47								  80.6 °	3.42	3.47	0.57	723776.3	5021746.2	1769.8	286.7		

	Ma92	   Ma93	 148.4 °	  13.9 °		1.47					1.9	3.6	2.7	  13.9 °	0.35	1.47	1.43	723777.4	5021744.6	1766.8	287.6		 salle terminus

	Ma93	    -- -->  	  70.9 °	 -88.2 °		2.68								 -88.2 °	-2.68	2.68	0.08	723777.5	5021744.6	1764.1	287.7		

	Ma93	    -- -->  	 208.8 °	  87.6 °		3.63								  87.6 °	3.63	3.63	0.15	723777.3	5021744.5	1770.4	287.7		

	Ma93	    -- -->  	 170.3 °	   4.8 °		2.02								   4.8 °	0.17	2.02	2.01	723777.7	5021742.6	1766.9	289.6		

	Ma93	    -- -->  	 206.6 °	   6.6 °		2.26								   6.6 °	0.26	2.26	2.25	723776.4	5021742.6	1767.0	289.8		

	Ma93	    -- -->  	 239.0 °	   3.6 °		1.88								   3.6 °	0.12	1.88	1.88	723775.8	5021743.6	1766.9	289.5		

	Ma93	    -- -->  	 250.9 °	   4.1 °		2.69								   4.1 °	0.19	2.69	2.68	723774.8	5021743.7	1766.9	290.3		

	Ma93	    -- -->  	 265.5 °	   2.7 °		2.41								   2.7 °	0.11	2.41	2.41	723775.0	5021744.4	1766.9	290.0		

	Ma93	    -- -->  	 275.9 °	   2.3 °		2.15								   2.3 °	0.09	2.15	2.15	723775.2	5021744.8	1766.8	289.7		

	Ma93	    -- -->  	 287.6 °	  -0.4 °		1.82								  -0.4 °	-0.01	1.82	1.82	723775.7	5021745.2	1766.7	289.4		

	Ma93	    -- -->  	 294.9 °	  -3.5 °		0.31								  -3.5 °	-0.02	0.31	0.31	723777.1	5021744.7	1766.7	287.9		

	Ma93	    -- -->  	 314.0 °	  -9.7 °		0.77								  -9.7 °	-0.13	0.77	0.76	723776.8	5021745.1	1766.6	288.4		

	Ma93	    -- -->  	 320.0 °	 -11.4 °		0.91								 -11.4 °	-0.18	0.91	0.89	723776.8	5021745.3	1766.6	288.5		

	Ma93	    -- -->  	 353.4 °	  -6.9 °		0.81								  -6.9 °	-0.10	0.81	0.80	723777.3	5021745.4	1766.7	288.4		

Galerie :	Galerie n� 1
Date du lever : 	07/10/2023	Déclinaison = 	2.69 °
Operateurs :	Alain Gervais Barnab�
mesures des longueurs :	DistoX
mesures des Azimuts :	DistoX	 en degrés
mesures des Pentes :	DistoX	 en degrés
	Ma93	>> Ma94	 167.6 °	  -0.8 °		2.19				0.8			0.2	  -0.8 °	-0.03	2.19	2.19	723777.8	5021742.4	1766.7	289.8		 entr�e m�andre l'actif vient d'ici

	Ma94	    -- -->  	   6.6 °	  -8.3 °		1.46								  -8.3 °	-0.21	1.46	1.44	723778.0	5021743.9	1766.5	291.2		

	Ma94	    -- -->  	  45.7 °	  -3.5 °		0.92								  -3.5 °	-0.06	0.92	0.92	723778.5	5021743.1	1766.7	290.7		

	Ma94	    -- -->  	 107.1 °	  -6.4 °		0.42								  -6.4 °	-0.05	0.42	0.42	723778.2	5021742.3	1766.7	290.2		

	Ma94	   Ma95	 153.8 °	   8.3 °		2.29								   8.3 °	0.33	2.29	2.27	723778.8	5021740.4	1767.1	292.1		 dans le m�andre du bas, 25 virages tr�s �troit et Barnab� ne passe plus

Galerie :	Galerie n� 2
Date du lever : 	07/10/2023	Déclinaison = 	2.69 °
Operateurs :	Alain Gervais Barnab�
mesures des longueurs :	DistoX
mesures des Azimuts :	DistoX	 en degrés
mesures des Pentes :	DistoX	 en degrés
	Ma93	>> Ma96	 246.0 °			1.89										1.89	1.89	723775.6	5021743.8	1766.8	289.5		 pied de l'escalade affluent, peu d'eau

	Ma96	   Ma97	 244.8 °	  70.7 °		5.11								  70.7 °	4.82	5.11	1.69	723774.1	5021743.1	1771.6	291.2		 plafond E5, suite tr�s �troite, arr�t sur coul�e de calcite, courant d'air

Galerie :	Base_Amalgame vers f
Date du lever : 	06/08/2011	Déclinaison = 	0.87 °
Operateurs :	E. Vitte	P. Orchampt
mesures des longueurs :	
mesures des Azimuts :		 en degrés
mesures des Pentes :		 en degrés
	20-69	>> 20-70	 217.5 °	  28.0 °		4.38				0.7	4.7		1.7	 -28.0 °	-2.05	4.38	3.87	723786.9	5021897.9	1680.2	42.2		[0.78 345.8 -6.1][0.73 91.8 -4.1][0.66 144.7 -7.6][1.04 49.8 -3.9][2.12 41.7 -7.2][1.73 218.1 -84.6][4.72 311.5 0.3][4.97 272.8 0.5][3.82 230.8 0.3][1.92 170.2 16.6]

	20-68	   20-69	 231.1 °	  21.1 °		4.84					0.8	2.6	1.7	 -21.1 °	-1.74	4.84	4.52	723790.4	5021900.8	1678.4	46.8		[2.27 304.7 -29.3][1.76 302.8 -2.2][0.81 275.6 -12.0][1.79 239.1 -1.7][1.40 204.0 -3.4][2.17 219.1 -6.1][2.47 227.4 -5.8][2.94 224.9 63.3][2.16 220.5 -50.5]

	20-67	   20-68	 134.7 °	 -14.7 °		2.02				0.3				  14.7 °	0.51	2.02	1.95	723788.9	5021902.1	1679.0	48.7		[0.30 82.1 2.5][4.26 2.6 -4.4][0.65 122.1 1.9][2.09 145.1 7.6][1.59 166.6 6.8]

	20-66	   20-67	 185.9 °	  14.2 °		3.41					0.5	1.0	2.0	 -14.2 °	-0.84	3.41	3.31	723789.2	5021905.4	1678.1	52.0		[0.47 262.7 3.5][0.80 319.5 1.3][1.08 268.6 72.4][2.07 165.6 -77.2][2.00 184.0 9.2][3.08 193.8 8.2]

	20-65	   20-66	 136.3 °	   9.7 °		0.80				0.6		2.4	1.8	  -9.7 °	-0.13	0.80	0.79	723788.7	5021906.0	1678.0	52.8		[0.57 107.6 -0.8][1.69 150.0 1.7][1.00 165.8 2.5][0.60 174.4 0.3][1.85 98.8 -77.2][2.43 118.3 79.0]

	20-64	   20-65	 241.5 °	   9.6 °		2.68					0.4	1.6	1.7	  -9.6 °	-0.45	2.68	2.64	723791.0	5021907.3	1677.5	55.5		[0.41 291.8 0.9][0.50 326.5 0.4][0.78 248.7 2.3][0.82 210.3 3.9][1.57 229.4 3.5][1.59 338.7 82.4][1.75 46.5 -82.6]

	20-63	   20-64	 169.2 °	   2.5 °		1.55				0.6		1.4	2.0	  -2.5 °	-0.07	1.55	1.55	723790.6	5021908.8	1677.5	57.0		[0.57 104.9 -0.4][0.60 142.8 2.8][1.39 166.8 3.1][1.50 134.2 72.9][2.09 60.7 -78.6][0.80 177.9 2.1]

	20-62	   20-63	 263.4 °	   6.5 °		1.79					0.3			  -6.5 °	-0.20	1.79	1.78	723792.4	5021909.0	1677.3	58.8		[0.34 335.5 1.3][1.24 280.2 -1.1][0.70 255.8 0.8]

	20-61	   20-62	 219.9 °	  11.5 °		1.54					0.3	1.8	2.5	 -11.5 °	-0.31	1.54	1.51	723793.3	5021910.2	1677.0	60.3		[0.30 306.6 6.7][1.11 29.1 -1.4][1.18 206.3 5.6][0.95 245.3 13.5][1.16 234.0 12.4][1.84 78.1 88.1][2.58 208.1 -72.1]

	20-60	   20-61	 226.2 °	  18.7 °		4.12					0.6	3.4	1.8	 -18.7 °	-1.32	4.12	3.90	723796.1	5021913.0	1675.6	64.2		[1.64 355.9 -3.5][0.86 320.9 5.2][3.77 8.1 -2.9][0.66 197.2 2.0][1.11 212.9 1.7][0.63 277.4 3.6][0.50 250.8 5.2][1.23 232.1 8.5][1.75 132.9 -86.9][3.41 168.7 81.4]

	20-59	   20-60	 181.4 °	  22.8 °		4.47					0.4	3.3	2.0	 -22.8 °	-1.73	4.47	4.12	723796.1	5021917.1	1673.9	68.3		[0.39 252.3 3.1][0.86 201.9 3.7][2.15 175.6 11.9][2.01 169.2 -83.2][3.36 176.0 77.9]

	20-58	   20-59	 142.1 °	   0.7 °		1.47						4.6	13.1	  -0.7 °	-0.02	1.47	1.47	723795.2	5021918.2	1673.9	69.8		[1.19 326.4 -2.3][1.37 351.1 -4.2][13.10 349.5 -84.6][1.57 141.3 -5.0][1.10 171.4 -16.7][4.65 20.5 82.9][2.48 170.6 -70.8]

	20-57	   20-58	 142.5 °	  72.4 °		13.59				2.4	4.5	15.7	1.4	 -72.4 °	-12.95	13.59	4.11	723792.6	5021921.4	1660.9	73.9		[3.24 116.4 5.1][3.36 152.9 4.3][4.21 198.1 43.8][7.56 229.6 49.3][4.65 261.4 57.6][1.15 352.6 15.6][2.10 14.7 -4.4][1.39 16.4 -83.3][15.69 25.8 85.9]

	20-56	   20-57	 185.9 °	   5.1 °		5.09				0.7		3.2	2.6	  -5.1 °	-0.46	5.09	5.07	723793.1	5021926.5	1660.5	79.0		[2.59 197.4 -82.6][3.25 144.7 77.4][1.53 220.6 -7.8][0.74 148.2 3.3][1.65 171.6 -2.5][1.11 104.0 7.6][3.43 201.3 -12.9]

	20-55	   20-56	 266.2 °	 -15.6 °		2.71					0.4	3.3	8.8	  15.6 °	0.73	2.71	2.61	723795.7	5021926.7	1661.2	81.6		[3.17 2.8 6.7][1.46 343.1 1.7][0.99 15.8 -5.2][0.75 328.8 -7.7][8.79 244.5 -88.4][0.44 310.7 -5.3][2.02 278.4 -9.1][3.41 183.8 79.5]

	20-54	   20-55	 163.6 °	  62.9 °		9.34				0.9	2.4	5.7	0.8	 -62.9 °	-8.31	9.34	4.26	723794.4	5021930.8	1652.9	85.8		[4.97 326.0 -1.6][4.48 333.4 0.4][4.53 315.4 1.2][0.93 319.2 -16.3][1.53 347.7 -13.5][2.48 231.7 4.9][3.48 160.0 -2.0][2.90 191.4 0.9][2.47 137.2 1.1][0.91 66.5 -2.4][5.74 175.1 87.9][0.79 255.6 -80.1]

	20-53	   20-54	 149.1 °	   5.1 °		6.43					0.3	0.8	1.4	  -5.1 °	-0.57	6.43	6.40	723791.0	5021936.2	1652.3	92.2		[0.40 187.9 -7.6][0.87 152.6 74.0][1.45 65.0 -81.2][1.17 139.4 -0.1][0.56 160.8 4.7]

	20-52	   20-53	 114.9 °	  27.1 °		1.62				0.8		1.5	0.9	 -27.1 °	-0.74	1.62	1.44	723789.6	5021936.8	1651.6	93.7		[0.28 323.6 -2.2][0.81 88.3 1.9][0.55 324.6 -4.6][1.58 121.1 69.1][0.97 175.7 -75.1]

	20-51	   20-52	 205.1 °	  12.5 °		4.56				0.4		1.8	5.0	 -12.5 °	-0.98	4.56	4.45	723791.5	5021940.9	1650.6	98.1		[0.42 156.7 -12.6][5.10 104.1 -76.1][1.94 209.7 65.4][3.52 88.5 -8.2][0.97 216.8 4.2][0.70 190.5 0.6][1.55 201.4 4.4]

	20-50	   20-51	 274.4 °	  51.5 °		5.30				0.5	1.5	7.6	0.9	 -51.5 °	-4.15	5.30	3.30	723794.8	5021940.7	1646.4	101.4		[0.76 170.0 -1.0][3.01 263.2 -1.7][1.55 322.8 -3.5][1.86 359.7 1.7][1.53 51.5 7.6][7.59 13.6 85.2][0.92 52.6 -68.8]

	20-49	   20-50	 158.9 °	 -17.6 °		2.86				0.7		6.8	1.6	  17.6 °	0.87	2.86	2.73	723793.7	5021943.2	1647.3	104.2		[0.71 110.0 8.2][1.08 52.6 4.3][1.66 111.2 -78.0][6.76 85.9 85.8][0.35 178.2 -1.3]

	20-48	   20-49	 216.3 °	   8.1 °		5.63					0.7	3.8	1.8	  -8.1 °	-0.79	5.63	5.57	723796.9	5021947.8	1646.5	109.7		[0.96 159.7 -3.6][1.11 187.4 -3.2][1.86 207.2 -2.2][0.55 234.3 -2.4][0.71 289.6 -3.0][3.85 283.1 79.4][1.79 302.4 -84.0]

	20-47	   20-48	 148.9 °	  23.5 °		2.64				0.8		2.0	1.5	 -23.5 °	-1.05	2.64	2.42	723795.6	5021949.8	1645.5	112.1		[0.82 80.6 0.6][0.94 34.9 -2.4][1.00 135.6 7.0][2.15 105.5 71.2][1.58 58.3 -69.0]

	20-46	   20-47	 204.7 °	  12.2 °		4.23				0.5	0.8	3.3	0.3	 -12.2 °	-0.89	4.23	4.14	723797.3	5021953.6	1644.6	116.3		[0.49 83.9 15.0][0.91 227.6 -7.8][3.37 240.3 79.0][0.26 214.7 -83.8][1.68 239.5 -68.3]

	20-45	   20-46	 109.4 °	  -0.8 °		1.20				0.6		3.8	1.6	   0.8 °	0.02	1.20	1.20	723796.2	5021954.0	1644.6	117.5		[2.87 1.3 -14.3][0.64 40.5 -7.0][3.92 19.5 79.9][1.64 87.3 -83.9][0.41 141.9 -2.5]

	20-44	   20-45	 177.3 °	   7.8 °		6.21					0.9	3.8	2.7	  -7.8 °	-0.84	6.21	6.15	723795.7	5021960.1	1643.8	123.6		[0.87 148.8 -4.9][1.33 171.5 -5.0][1.73 183.4 -11.3][1.19 190.9 -14.5][0.67 127.9 -10.8][3.97 177.9 71.3][2.66 356.8 -88.3][1.28 176.6 -3.7][3.67 178.7 -1.0][3.52 184.4 -2.3]

	20-43	   20-44	 101.1 °	  12.4 °		1.17				0.3		3.4	2.5	 -12.4 °	-0.25	1.17	1.14	723794.6	5021960.3	1643.5	124.8		[0.29 76.3 4.3][2.58 86.2 -82.6][3.53 118.9 76.6][0.69 148.3 -0.3][1.15 138.2 1.1][1.54 95.3 2.7]

	20-42	   20-43	 196.3 °	  -1.9 °		1.34					0.3	3.8	2.9	   1.9 °	0.04	1.34	1.34	723795.0	5021961.6	1643.5	126.1		[0.29 240.2 -1.6][0.68 206.1 -3.5][1.43 190.1 -9.3][2.97 236.1 -82.8][3.85 163.7 77.8][0.54 153.0 1.1][0.82 170.7 -7.7]

	20-41	   20-42	  88.8 °	  13.1 °		1.94				0.5		3.9	2.7	 -13.1 °	-0.44	1.94	1.89	723793.1	5021961.5	1643.1	128.0		[0.46 43.5 -5.6][4.00 85.1 75.0][2.81 61.5 -72.3][1.02 58.2 -4.8][1.65 71.9 0.3][1.27 92.2 0.3][1.09 101.7 2.8][0.69 11.1 -5.6]

	20-40	   20-41	 169.8 °	  29.7 °		1.66				0.5		4.4	2.1	 -29.7 °	-0.82	1.66	1.44	723792.8	5021962.9	1642.3	129.5		[0.47 117.3 0.5][0.68 201.4 -3.8][1.22 172.5 0.6][4.58 147.7 75.6][2.15 176.6 -79.0]

	20-39	   20-40	 232.3 °	   0.9 °		1.75					0.4	3.8	2.5	  -0.9 °	-0.03	1.75	1.75	723794.2	5021964.0	1642.3	131.2		[0.40 278.8 5.6][3.76 293.2 85.7][2.46 320.4 -85.0][1.16 257.3 -4.9][0.83 214.3 -0.3]

	20-38	   20-39	 141.1 °	  13.9 °		2.05				0.6		4.2	2.0	 -13.9 °	-0.49	2.05	1.99	723792.9	5021965.6	1641.8	133.2		[0.66 80.2 -11.1][0.66 110.6 -5.5][1.23 118.8 -5.0][4.34 147.7 73.1][2.03 95.9 -76.5][1.35 146.1 0.4][0.69 153.4 -3.2]

	20-37	   20-38	 231.3 °	  25.0 °		1.85					0.4	4.4	1.7	 -25.0 °	-0.78	1.85	1.68	723794.2	5021966.6	1641.0	134.9		[0.44 289.6 0.6][1.02 250.5 -4.6][1.82 238.5 2.2][1.15 225.5 -0.8][0.80 209.4 -1.7][1.13 7.6 3.6][0.69 342.4 1.9][4.40 161.9 88.3][1.69 240.1 -80.5]

	20-36	   20-37	 191.5 °	   1.4 °		1.95					0.3	4.2	1.9	  -1.4 °	-0.05	1.95	1.95	723794.5	5021968.5	1640.9	136.8		[0.35 243.9 -6.5][0.67 205.9 -4.7][1.23 169.4 3.5][1.71 185.9 -0.9][4.27 207.6 82.7][2.02 185.4 -71.7]

	20-35	   20-36	 137.5 °	   6.7 °		2.93				0.6		4.4	2.4	  -6.7 °	-0.34	2.93	2.91	723792.5	5021970.7	1640.6	139.7		[0.63 83.8 -7.6][1.52 117.4 1.2][2.26 130.7 2.4][1.13 159.6 1.8][1.50 141.2 0.5][4.52 63.2 78.1][2.43 125.9 -85.2]

	20-34	   20-35	 221.6 °	  -1.6 °		1.85					0.4	4.3	2.6	   1.6 °	0.05	1.85	1.85	723793.7	5021972.1	1640.7	141.6		[0.37 258.0 -3.4][2.72 226.6 -74.9][4.36 240.6 81.1][0.66 182.0 -6.0][1.86 218.6 -1.4]

	20-33	   20-34	 130.2 °	  13.5 °		1.97				1.0		4.3	2.6	 -13.5 °	-0.46	1.97	1.92	723792.2	5021973.3	1640.2	143.5		[1.11 34.0 -17.6][0.97 77.9 -11.4][1.49 11.8 -6.7][1.06 352.0 -4.5][2.75 67.9 -68.2][4.35 90.6 86.4][1.34 137.2 17.6]

	20-32	   20-33	 205.1 °	  10.0 °		2.47				0.2	0.4	3.4	2.7	 -10.0 °	-0.43	2.47	2.43	723793.2	5021975.5	1639.8	145.9		[0.21 94.0 1.5][3.40 274.9 82.7][2.72 45.0 -85.1][0.76 355.1 -4.2][1.27 16.9 -7.5][0.62 45.9 -20.1][0.75 33.0 -15.9][0.68 183.0 0.5][1.12 196.5 -1.8]

	20-31	   20-32	 206.6 °	  20.8 °		1.72				0.7	0.4	3.8	2.1	 -20.8 °	-0.61	1.72	1.61	723793.9	5021976.9	1639.1	147.5		[2.17 236.7 -75.0][3.79 336.3 85.7][0.71 94.5 -8.3][0.28 154.0 -2.8][0.82 19.6 -1.1][1.75 352.8 -8.0][0.71 225.1 -4.0][1.32 204.8 -2.6][0.89 190.2 -15.2]

	20-30	   20-31	 170.7 °	  13.3 °		3.13				0.5				 -13.3 °	-0.72	3.13	3.05	723793.3	5021979.9	1638.4	150.6		[0.48 85.2 -0.9][0.40 143.5 -1.7][0.75 226.1 1.5][1.19 195.6 0.3]

	20-29	   20-30	 223.2 °	   9.1 °		0.58					1.3	4.3	1.7	  -9.1 °	-0.09	0.58	0.57	723793.7	5021980.4	1638.3	151.2		[0.64 183.4 3.0][1.57 215.9 0.1][1.81 194.2 2.7][4.37 196.7 80.2][1.71 261.7 -78.2]

	20-28	   20-29	  91.0 °	  -1.2 °		1.98				0.3		4.8	1.9	   1.2 °	0.04	1.98	1.98	723791.7	5021980.4	1638.4	153.1		[0.35 22.6 0.7][4.78 84.5 84.9][1.92 100.1 -83.5][0.79 103.7 3.1][1.46 75.6 0.7][1.94 95.5 -82.3]

	20-27	   20-28	 145.9 °	   5.1 °		1.69				0.6		0.7	1.9	  -5.1 °	-0.15	1.69	1.68	723790.8	5021981.7	1638.2	154.8		[0.57 109.6 3.4][0.88 135.8 4.4][0.85 116.8 59.3][1.99 183.0 -70.0]

	20-26	   20-27	 221.3 °	   7.7 °		1.73					0.3	4.5	1.9	  -7.7 °	-0.23	1.73	1.71	723791.9	5021983.0	1638.0	156.5		[0.36 277.4 -7.8][4.53 233.2 84.6][1.96 306.9 -76.8][0.83 210.5 -2.7]

	20-25	   20-26	 131.2 °	   3.5 °		1.06				0.5		3.5	2.3	  -3.5 °	-0.06	1.06	1.06	723791.1	5021983.7	1637.9	157.6		[0.49 61.0 3.5][3.53 1.4 82.7][2.64 4.3 -59.2][0.71 104.5 1.7][0.48 141.2 1.2]

	20-24	   20-25	 174.5 °	   4.5 °		1.98				0.3		1.6	2.0	  -4.5 °	-0.16	1.98	1.97	723790.8	5021985.7	1637.8	159.6		[0.32 105.2 -1.0][1.63 141.4 75.3][2.02 86.5 -81.3][1.30 161.8 5.0]

	20-23	   20-24	 212.6 °	   5.1 °		2.15					1.5			  -5.1 °	-0.19	2.15	2.14	723791.9	5021987.5	1637.6	161.7		[1.54 282.0 -0.3][1.00 208.2 3.1][0.93 234.7 1.2]

	20-22	   20-23	 169.0 °	  24.2 °		2.03					0.3	4.4	1.2	 -24.2 °	-0.83	2.03	1.85	723791.6	5021989.3	1636.8	163.6		[0.37 244.8 16.0][4.45 259.1 79.3][1.23 169.0 -72.2]

	20-21	   20-22	 122.3 °	  -8.1 °		1.57				0.3		4.0	1.7	   8.1 °	0.22	1.57	1.55	723790.2	5021990.1	1637.0	165.1		[0.36 31.9 0.8][4.04 141.9 86.4][1.79 319.5 -72.4]

	20-20	   20-21	 185.0 °	   4.6 °		4.13				0.4		2.5	1.6	  -4.6 °	-0.33	4.13	4.12	723790.5	5021994.2	1636.6	169.2		[0.57 79.8 -1.5][2.70 85.8 70.6][1.55 28.3 -87.2][0.78 172.5 5.9][2.30 191.3 3.4]

	20-19	   20-20	 244.7 °	  10.5 °		1.36				0.4		2.9	1.6	 -10.5 °	-0.25	1.36	1.34	723791.7	5021994.8	1636.4	170.6		[0.39 204.2 -5.2][3.05 204.2 72.9][1.58 335.5 -84.0][1.05 271.9 0.2][0.57 241.3 5.2]

	20-18	   20-19	 317.9 °	  -5.1 °		3.76					0.4	2.4	2.5	   5.1 °	0.33	3.76	3.75	723794.3	5021992.1	1636.7	174.3		[0.48 336.8 -19.2][2.52 202.3 -84.2][2.45 304.0 74.7][0.69 82.7 -20.5][1.65 299.3 -5.8][0.81 322.3 -14.0]

	20-17	   20-18	 219.3 °	  26.9 °		1.81				0.4		4.3	1.8	 -26.9 °	-0.82	1.81	1.61	723795.3	5021993.4	1635.9	175.9		[1.83 226.7 -87.3][0.42 149.8 -0.2][4.30 164.7 85.9][0.73 64.6 -3.7]

	20-16	   20-17	 281.2 °	  11.8 °		2.06					0.7	2.4	1.5	 -11.9 °	-0.42	2.06	2.02	723797.3	5021993.0	1635.5	177.9		[0.72 353.8 5.3][1.50 83.6 -87.2][2.42 348.7 76.3][0.94 43.9 -7.8][1.11 304.2 -2.6][0.57 315.9 0.5][0.59 270.3 -4.5]

	20-15	   20-16	 246.9 °	   5.1 °		3.82				0.6		3.0	1.8	  -5.1 °	-0.34	3.82	3.81	723800.7	5021994.6	1635.2	181.7		[3.10 247.3 77.8][1.78 96.1 -85.9][5.74 73.4 -81.6][1.50 137.1 5.5][0.59 225.2 4.3][1.31 256.7 0.0]

	20-14	   20-15	 342.3 °	 -21.3 °		1.26					0.5	2.4	0.9	  21.3 °	0.46	1.26	1.17	723801.1	5021993.5	1635.6	182.9		[0.50 16.6 -12.7][0.87 287.6 -83.5][2.49 1.3 76.7]

	20-13	   20-14	 246.7 °	  16.4 °		2.15					0.5	3.1	1.8	 -16.4 °	-0.61	2.15	2.06	723803.0	5021994.3	1635.0	185.0		[1.35 14.7 -9.7][1.78 30.0 -85.9][3.13 293.4 79.6][0.46 312.6 3.5]

	20-12	   20-13	 192.5 °	  68.1 °		4.26				1.4	1.5	9.0	1.5	 -68.1 °	-3.95	4.26	1.59	723803.3	5021995.9	1631.0	186.6		[2.92 339.0 -1.9][5.90 307.9 -3.5][2.00 298.1 -1.7][1.49 274.0 -1.8][2.72 253.6 0.3][1.76 132.0 1.8][3.99 174.8 -16.8][2.18 178.3 -11.8][9.03 250.0 85.2][1.54 328.8 -87.6]

	20-11	   20-12	 176.5 °	  80.1 °		12.32					4.7	16.4	3.9	 -80.1 °	-12.14	12.32	2.12	723803.1	5021998.0	1618.9	188.7		[0.94 135.0 -1.9][4.71 196.9 -2.5][6.31 224.2 0.7][4.03 266.1 10.8][4.05 188.3 -73.5][16.44 241.2 86.3]

	20-10	   20-11	  20.3 °	  56.8 °		12.14				3.5		28.2	23.1	 -56.8 °	-10.16	12.14	6.64	723800.9	5021991.7	1608.8	195.3		[5.72 43.6 -1.7][3.49 353.1 2.3][29.04 353.8 76.9][23.11 85.8 -86.0]

	20-9	   20-10	 134.8 °	  84.7 °		8.13				0.7	2.3	16.3	1.5	 -84.7 °	-8.09	8.13	0.76	723800.4	5021992.2	1600.7	196.1		[4.14 357.4 -0.5][9.50 59.1 3.5][0.78 139.8 -0.2][1.50 245.5 -85.1][16.27 46.3 88.3]

	20-8	   20-9	 286.3 °	  80.2 °		14.12				2.9	1.6	31.4	27.9	 -80.2 °	-13.91	14.12	2.40	723802.7	5021991.6	1586.7	198.5		[5.59 87.5 2.2][31.41 0.6 87.2][3.00 9.9 3.2][2.03 289.9 4.1][27.91 151.8 -84.3]

	20-7	   20-8	 187.1 °	  83.9 °		4.78				1.7	1.2	27.3	51.6	 -83.9 °	-4.75	4.78	0.51	723802.8	5021992.1	1582.0	199.0		[1.23 188.3 0.7][2.01 52.0 -2.7][7.40 117.5 1.5][51.64 199.7 -86.4][27.58 26.7 81.6]

	20-6	   20-7	  31.8 °	  80.7 °		8.06					3.6	6.4	13.7	 -80.7 °	-7.95	8.06	1.30	723802.1	5021991.0	1574.0	200.3		[5.32 103.1 -3.4][3.06 55.4 -6.6][3.00 258.7 -2.9][1.13 214.0 -8.1][13.94 157.5 -79.0][6.50 36.2 82.8]

	20-5	   20-6	  89.0 °	  14.7 °		0.75				0.3	1.0	5.0	33.5	 -14.7 °	-0.19	0.75	0.73	723801.4	5021991.0	1573.8	201.0		[2.37 268.3 -2.0][0.25 338.7 -0.6][6.05 105.8 -3.4][1.02 172.0 0.1][33.83 123.6 -83.2][5.00 29.1 82.7]

	20-4	   20-5	  65.5 °	  77.2 °		15.87				1.0	8.1	3.4	21.0	 -77.2 °	-15.48	15.87	3.51	723798.2	5021989.5	1558.4	204.5		[0.43 201.1 4.4][0.99 280.4 5.7][0.63 359.0 8.4][8.19 82.4 -3.3][3.28 103.9 -1.9][3.02 62.3 -2.5][20.97 125.9 -85.4][3.42 5.2 86.0]

	20-3	   20-4	 293.8 °	  82.2 °		7.78					1.8		13.3	 -82.2 °	-7.71	7.78	1.06	723799.2	5021989.0	1550.7	205.6		[7.12 90.2 -5.8][0.34 151.2 12.7][1.96 18.2 10.2][1.77 299.2 9.2][13.26 77.7 -87.6]

	20-2	   20-3	 327.2 °	  83.7 °		12.28				0.5	1.8	24.9	1.1	 -83.7 °	-12.21	12.28	1.34	723799.9	5021987.9	1538.5	206.9		[9.05 282.6 -12.7][2.29 346.0 -1.1][0.52 209.4 0.3][25.10 39.9 84.0][1.10 293.3 -84.5]

	20-1	   20-2	 261.6 °	 -11.3 °		4.85				1.1	0.4	8.9	1.4	  11.4 °	0.95	4.85	4.76	723804.6	5021988.7	1539.4	211.7		[1.06 175.2 -2.5][0.41 339.4 -22.0][8.93 162.4 87.8][1.37 321.8 -88.8]

	20-0	   20-1	 257.1 °	  28.0 °		4.11								 -28.0 °	-1.93	4.11	3.63	723808.2	5021989.6	1537.5	215.3		Base_Amalgame vers f
Arche vers Guiers M�

